4V5S.pickle,20
6ZWU.pickle,0
4IOA.pickle,0
8AML.pickle,0
3SYW.pickle,0
4ALP.pickle,0
7L08.pickle,0
2R7T.pickle,0
6D6V.pickle,0
1E4P.pickle,0
7FJJ.pickle,0
6NY6.pickle,2
4QU7.pickle,0
7ST7.pickle,0
1MFK.pickle,0
4RC0.pickle,2
5V0K.pickle,4
2GQ6.pickle,32
4L81.pickle,0
3CPW.pickle,1
3AGV.pickle,18
6HIX.pickle,0
5JUS.pickle,0
2NBY.pickle,0
4E48.pickle,0
7EOI.pickle,0
1O15.pickle,0
6UFM.pickle,0
1J5A.pickle,0
7RDZ.pickle,0
7JRT.pickle,0
6CXZ.pickle,2
6S91.pickle,0
4X4P.pickle,0
7LNF.pickle,0
5VO8.pickle,1
7E9I.pickle,0
7CGH.pickle,0
6AJK.pickle,0
8BDR.pickle,3
5UZ4.pickle,0
7OID.pickle,0
6RW5.pickle,5
5LJ5.pickle,0
3KTV.pickle,1
6SZV.pickle,1
6LQM.pickle,99
5FK5.pickle,0
7K5I.pickle,0
6DCC.pickle,1
4ADV.pickle,0
4DV0.pickle,14
6AZ4.pickle,0
6YAL.pickle,2
6Z6N.pickle,0
7ORI.pickle,0
3BNL.pickle,0
3R1C.pickle,0
7S1K.pickle,24
7V9X.pickle,0
6EM3.pickle,0
4CXG.pickle,11
5UEG.pickle,12
6WDK.pickle,0
5Z4D.pickle,0
3G71.pickle,5
5LJ3.pickle,0
7RIQ.pickle,0
2OTJ.pickle,5
7PDV.pickle,0
4OI1.pickle,0
6G5I.pickle,0
6PCQ.pickle,21
6ZYB.pickle,1
2EEU.pickle,0
4FRN.pickle,0
4AL7.pickle,0
7OF5.pickle,3
6DOV.pickle,0
7JSZ.pickle,0
7PJS.pickle,45
5AH5.pickle,0
7X7A.pickle,0
4G9Z.pickle,0
2HUA.pickle,0
7ZOL.pickle,0
6YMM.pickle,2
4V5B.pickle,0
5ZSC.pickle,0
5NCO.pickle,0
8AD1.pickle,0
7ECW.pickle,0
4TS0.pickle,2
1OB2.pickle,14
7ST6.pickle,0
3J0Q.pickle,0
8D9L.pickle,0
1YLS.pickle,12
8EEX.pickle,0
2P7D.pickle,0
6H4N.pickle,0
2AO5.pickle,4
2Z74.pickle,0
2Q66.pickle,0
3IZ4.pickle,0
3BO4.pickle,2
3IY8.pickle,0
6Y6X.pickle,0
5AMQ.pickle,0
7NK8.pickle,0
1QRU.pickle,0
4XW0.pickle,2
5OT7.pickle,0
7O0G.pickle,0
4YY3.pickle,0
4FAX.pickle,0
7K9D.pickle,1
7NAT.pickle,11
2WWB.pickle,0
4YB1.pickle,0
3GX5.pickle,0
4Y4P.pickle,82
4QOZ.pickle,0
5A7A.pickle,0
4V54.pickle,0
3J3W.pickle,0
7ADD.pickle,0
5IB8.pickle,18
6F4H.pickle,0
1ZE2.pickle,2
1Y3S.pickle,2
1FYP.pickle,0
6SXO.pickle,0
7S36.pickle,0
4W5R.pickle,0
398D.pickle,0
1A51.pickle,0
6WTR.pickle,1
8A63.pickle,0
6XIQ.pickle,0
7OAV.pickle,0
2LAC.pickle,0
6R9O.pickle,0
4F8U.pickle,0
7O81.pickle,214
6MKN.pickle,1
5ID6.pickle,0
4V9I.pickle,1
6XKI.pickle,0
2RD2.pickle,0
7TR8.pickle,0
1N38.pickle,0
6FF4.pickle,0
1JU7.pickle,0
3U2E.pickle,0
3CCV.pickle,5
5T2A.pickle,0
1XV6.pickle,12
3HOY.pickle,0
6OXA.pickle,8
4NGF.pickle,0
2B57.pickle,0
5ZTM.pickle,1
4U6F.pickle,0
5B2R.pickle,0
5M5X.pickle,0
3UZS.pickle,0
7WM4.pickle,0
2FEY.pickle,0
6RT7.pickle,2
4RZD.pickle,1
1DUH.pickle,1
7NKR.pickle,0
2PO1.pickle,0
1AJU.pickle,0
6XHY.pickle,86
1KD1.pickle,0
7TQB.pickle,0
1MUV.pickle,0
1ATO.pickle,0
6OGZ.pickle,0
4V4P.pickle,0
8ASG.pickle,0
5WDT.pickle,52
5BS3.pickle,6
2F4X.pickle,0
1VC0.pickle,0
406D.pickle,2
1N35.pickle,0
1ZH5.pickle,0
6SGB.pickle,1
1AL5.pickle,0
3JAP.pickle,0
7DVQ.pickle,7
5FK4.pickle,0
4GPW.pickle,0
3TS2.pickle,2
2QK9.pickle,0
7OIC.pickle,0
2NUF.pickle,0
1KAJ.pickle,0
8CSS.pickle,2
6T0S.pickle,0
3R1L.pickle,4
4W5O.pickle,0
3ZJU.pickle,1
259D.pickle,0
6LSG.pickle,0
5EW7.pickle,0
6W6P.pickle,0
2KGP.pickle,0
7S9U.pickle,0
4FTS.pickle,0
7XSZ.pickle,0
1LVJ.pickle,0
2NOK.pickle,0
4ARC.pickle,0
7KRP.pickle,0
5AY3.pickle,2
4DV7.pickle,14
4UFT.pickle,0
2KUU.pickle,0
6O7E.pickle,0
6QIK.pickle,0
5WZJ.pickle,0
6XUS.pickle,1
3RER.pickle,0
7MJY.pickle,0
6XRQ.pickle,0
7XD9.pickle,0
6Y57.pickle,0
6WLR.pickle,0
1GUC.pickle,0
6O9K.pickle,0
6N6G.pickle,0
3CZ3.pickle,0
3AHU.pickle,0
4WTK.pickle,0
1HS8.pickle,0
4ANG.pickle,0
7PAO.pickle,0
5N94.pickle,0
6E84.pickle,0
3J2G.pickle,0
5UKB.pickle,0
8D5O.pickle,0
7OJN.pickle,0
5IY9.pickle,0
3JA1.pickle,0
5VW1.pickle,0
1E8S.pickle,0
6DPG.pickle,0
2R7Y.pickle,0
6ZDQ.pickle,0
2LPT.pickle,0
7QR0.pickle,0
7VBA.pickle,0
3JCS.pickle,44
7OHU.pickle,0
3HJW.pickle,1
5UHC.pickle,0
3FO4.pickle,0
2N4J.pickle,16
1U63.pickle,0
6VA2.pickle,0
7L49.pickle,0
7NHX.pickle,0
4PCO.pickle,0
6K4Q.pickle,0
6WOX.pickle,0
2DQQ.pickle,0
4V5F.pickle,4
7PLA.pickle,0
2LVY.pickle,3
5L2L.pickle,0
1QZA.pickle,0
3M3Y.pickle,0
4U35.pickle,1
3JCT.pickle,0
7ODT.pickle,2
6ME0.pickle,0
7Q81.pickle,2
6KUG.pickle,0
5W1I.pickle,0
4WQ1.pickle,38
1G4Q.pickle,0
4FTB.pickle,0
6RLP.pickle,0
7D7Y.pickle,0
3VRS.pickle,0
5DQK.pickle,0
4JRT.pickle,0
5KPY.pickle,0
7VKI.pickle,0
2KWG.pickle,42
5NWQ.pickle,2
7UY6.pickle,0
5HR7.pickle,0
6Z6G.pickle,0
5D8B.pickle,0
2ESI.pickle,0
4U37.pickle,0
7AS9.pickle,0
2XD0.pickle,6
4JI7.pickle,14
3IEM.pickle,60
438D.pickle,0
2N3Q.pickle,0
1YG3.pickle,1
6Z9P.pickle,0
6VYY.pickle,0
3V74.pickle,0
7ELH.pickle,0
5T6R.pickle,0
7YPB.pickle,0
6BGB.pickle,3
6M0X.pickle,0
2OJ3.pickle,0
7OIA.pickle,0
7XT4.pickle,0
6YLG.pickle,0
5O62.pickle,4
1MT4.pickle,0
6KUK.pickle,0
3BSO.pickle,0
5AXM.pickle,1
5UH6.pickle,0
1JU1.pickle,0
1BYX.pickle,0
7TUT.pickle,1
6N6H.pickle,0
4ZLD.pickle,0
7C08.pickle,0
4BOC.pickle,0
6MPF.pickle,2
6M6C.pickle,0
5LZX.pickle,0
1WWF.pickle,0
5ZEJ.pickle,2
7MSH.pickle,9
6WNV.pickle,0
2JXQ.pickle,0
1L2X.pickle,1
6FYY.pickle,24
6C8J.pickle,8
6R7G.pickle,0
1E7K.pickle,0
6EXN.pickle,0
7CGJ.pickle,0
3GX3.pickle,0
5AXW.pickle,0
6OLZ.pickle,0
5FJ0.pickle,0
4TUE.pickle,2
1VQN.pickle,10
6EZ0.pickle,5
6FEC.pickle,0
3J06.pickle,0
4UE5.pickle,0
6N4O.pickle,0
3OIN.pickle,0
7C45.pickle,0
6SDW.pickle,0
5I9G.pickle,0
1EGK.pickle,0
7NSJ.pickle,0
7ENR.pickle,0
7ECL.pickle,12
6OY7.pickle,1
7AOE.pickle,0
1Q2R.pickle,2
4QPX.pickle,0
4V7W.pickle,0
6RA4.pickle,0
4K32.pickle,0
2Y8Y.pickle,1
5U33.pickle,0
5J4D.pickle,64
1XBP.pickle,0
7NSO.pickle,0
3I5X.pickle,0
3Q3Z.pickle,2
2OE8.pickle,0
6GTC.pickle,0
7PAH.pickle,0
4U4U.pickle,0
7V01.pickle,0
7NT6.pickle,0
1EVV.pickle,14
4OX9.pickle,0
7Q23.pickle,0
7EON.pickle,0
7E9E.pickle,2
7TM3.pickle,1
6ZV6.pickle,2
5DUN.pickle,1
1PVO.pickle,0
3G9Y.pickle,0
4ZSN.pickle,8
7TNZ.pickle,2
7NFX.pickle,0
3S1N.pickle,0
4OLB.pickle,0
3O3I.pickle,0
1WTT.pickle,3
4TUD.pickle,2
2YDH.pickle,0
7LNG.pickle,0
4X2B.pickle,0
5LZZ.pickle,0
4E8N.pickle,0
7ONU.pickle,0
6NME.pickle,0
1RNK.pickle,0
3QGB.pickle,0
6WXX.pickle,0
6O7K.pickle,0
3UD3.pickle,1
3NPQ.pickle,0
1X9C.pickle,1
5LQO.pickle,2
7AQD.pickle,0
4V7J.pickle,8
4V6C.pickle,0
7XSX.pickle,0
6WW6.pickle,0
6OON.pickle,0
2GDI.pickle,4
2M8D.pickle,0
5V93.pickle,0
7PIO.pickle,0
6C6U.pickle,0
5WIS.pickle,82
8AMJ.pickle,0
7RDX.pickle,0
7OG0.pickle,0
5FDU.pickle,46
4U6L.pickle,0
4D67.pickle,0
2L8W.pickle,0
6E4P.pickle,0
7KEE.pickle,0
5UX0.pickle,0
6DOT.pickle,0
6JC3.pickle,0
6OLF.pickle,34
4X62.pickle,17
4Y1I.pickle,0
6AZ1.pickle,37
4V50.pickle,0
2QWY.pickle,0
6M7D.pickle,0
3BX3.pickle,0
4JF2.pickle,1
7BL6.pickle,0
4W90.pickle,0
6T0U.pickle,0
8E6X.pickle,0
6G3B.pickle,0
2GPM.pickle,32
5F8G.pickle,0
7B3C.pickle,1
6XZB.pickle,54
2LBK.pickle,0
6P18.pickle,0
6I0T.pickle,0
3S16.pickle,0
5X8R.pickle,0
5KL1.pickle,0
6SNJ.pickle,0
7WIB.pickle,1
6WJR.pickle,0
1OND.pickle,0
2KMJ.pickle,0
3L25.pickle,0
6YUD.pickle,0
3F2Y.pickle,2
7TRC.pickle,0
3UCU.pickle,1
7Z42.pickle,0
3Q0S.pickle,0
6VZ5.pickle,0
4LW0.pickle,0
6XDQ.pickle,0
4IJS.pickle,0
7EIZ.pickle,0
7WTM.pickle,0
5UH9.pickle,0
4C7O.pickle,0
7AEA.pickle,0
5J5B.pickle,68
3OUY.pickle,0
5E3H.pickle,0
4V6W.pickle,0
6KTC.pickle,1
5WYK.pickle,0
2ZM6.pickle,0
2H49.pickle,0
5WWR.pickle,0
1G70.pickle,0
5Z1I.pickle,0
5MPG.pickle,0
2XS5.pickle,0
7QCA.pickle,0
7M4X.pickle,28
5HBW.pickle,6
1U3K.pickle,0
6MCI.pickle,2
5BTP.pickle,0
1FFY.pickle,0
6N8I.pickle,0
7Q0R.pickle,2
5IMR.pickle,0
4V4T.pickle,3
1ARJ.pickle,0
2IZ8.pickle,0
2LEC.pickle,0
4V6D.pickle,0
7MEI.pickle,0
6RXT.pickle,0
6CAO.pickle,14
6ZU1.pickle,50
5US2.pickle,0
6W6L.pickle,0
1BZ2.pickle,0
4J7L.pickle,0
2DVI.pickle,0
6SWE.pickle,11
3R1D.pickle,5
4LVY.pickle,0
7UIM.pickle,0
8GWN.pickle,0
3HL2.pickle,0
5DDR.pickle,0
6XMG.pickle,0
5L00.pickle,16
2EUY.pickle,0
7ELN.pickle,0
4W5Q.pickle,0
3AMU.pickle,0
1I94.pickle,0
3VJR.pickle,0
7R9F.pickle,1
6WLH.pickle,0
1ZC5.pickle,0
2GV4.pickle,0
4O26.pickle,0
7D5S.pickle,0
7PY1.pickle,0
4GHA.pickle,0
6XGF.pickle,0
6NY2.pickle,0
3H3V.pickle,0
4OL8.pickle,0
4U8T.pickle,6
5BJO.pickle,2
5FMZ.pickle,0
4UN3.pickle,0
7PAN.pickle,0
7WTO.pickle,0
3OK2.pickle,0
5YLZ.pickle,1
5ME1.pickle,15
7SOQ.pickle,0
7EZ0.pickle,0
7QP6.pickle,26
3IE1.pickle,0
2B8R.pickle,0
7DUJ.pickle,14
2Q1O.pickle,4
7NWW.pickle,35
2N8V.pickle,0
5XXU.pickle,0
7A5F.pickle,0
7MSZ.pickle,9
7UO0.pickle,0
3HOX.pickle,0
2HHH.pickle,0
6DZP.pickle,0
1M5L.pickle,0
2BTE.pickle,0
6GZK.pickle,0
4U20.pickle,0
6N5P.pickle,1
2N2O.pickle,0
1K2G.pickle,0
7AF3.pickle,11
205D.pickle,0
7PVK.pickle,0
3BO2.pickle,2
5LMU.pickle,5
7T3J.pickle,0
3WQY.pickle,0
3OL9.pickle,4
4A3G.pickle,0
6RJG.pickle,0
1L1W.pickle,0
3IZD.pickle,0
4V55.pickle,0
7LMB.pickle,0
5J02.pickle,1
7YLA.pickle,6
2R1G.pickle,0
7Y85.pickle,0
3B5S.pickle,3
6DPK.pickle,0
7EI9.pickle,2
6MWN.pickle,2
2LUN.pickle,0
6G1X.pickle,0
7SVA.pickle,0
6YWE.pickle,0
6UQ3.pickle,0
6DO9.pickle,0
7KUB.pickle,0
6DOK.pickle,0
3CME.pickle,6
7OHX.pickle,0
5MGA.pickle,0
6UC8.pickle,0
8PSH.pickle,0
7UCJ.pickle,141
2KH9.pickle,0
4G6R.pickle,2
6X1B.pickle,0
1UN6.pickle,0
6DUQ.pickle,0
6DCL.pickle,0
2CD6.pickle,0
7S38.pickle,0
5Y58.pickle,0
6VWL.pickle,0
1G2J.pickle,1
2XNZ.pickle,0
5C7U.pickle,0
8BD5.pickle,0
7P3K.pickle,33
1YY0.pickle,3
7JRR.pickle,1
1M5V.pickle,2
5XYM.pickle,0
6ENU.pickle,0
1EC6.pickle,0
6WDA.pickle,0
6UPX.pickle,0
1IBK.pickle,0
7NRC.pickle,0
3AVX.pickle,0
6KQG.pickle,0
4NLF.pickle,1
4Q9Q.pickle,1
4DUY.pickle,14
2ZUE.pickle,0
1XJR.pickle,1
4TZY.pickle,0
3MEI.pickle,2
6O8Z.pickle,6
2K7E.pickle,2
4WRO.pickle,41
5W64.pickle,0
2AKE.pickle,0
2EVY.pickle,0
6XZP.pickle,0
1CGM.pickle,0
3D0X.pickle,0
6CB1.pickle,0
2DR7.pickle,0
4V9R.pickle,0
5LZA.pickle,39
6YWS.pickle,0
8BVM.pickle,0
7WTU.pickle,1
5UZT.pickle,0
3TD1.pickle,2
1YKV.pickle,0
2LBJ.pickle,0
6NU2.pickle,0
7V99.pickle,0
2JTP.pickle,0
1MDG.pickle,1
3MUV.pickle,1
3RZO.pickle,0
469D.pickle,24
7EAF.pickle,0
6GV4.pickle,0
4QG3.pickle,0
7XS4.pickle,0
3AL0.pickle,0
4WQY.pickle,8
2FCY.pickle,2
6WLQ.pickle,0
2DD3.pickle,1
1Y27.pickle,2
1JGO.pickle,34
6RTI.pickle,22
4B3M.pickle,0
5F8M.pickle,0
8A5I.pickle,0
4TZV.pickle,0
4V8Z.pickle,14
7OE1.pickle,0
6RIE.pickle,1
2B2E.pickle,0
3WFQ.pickle,0
7RQ5.pickle,0
6DVK.pickle,0
7WV5.pickle,46
8H0W.pickle,0
6MUT.pickle,0
3X1L.pickle,0
5OQL.pickle,0
6M6R.pickle,1
4U47.pickle,0
6Y7C.pickle,4
1NAO.pickle,0
1S72.pickle,5
5UF3.pickle,0
7BG9.pickle,0
2CSX.pickle,0
6D6R.pickle,0
5OMW.pickle,0
3T4B.pickle,1
6UGJ.pickle,0
4IO9.pickle,0
5U4J.pickle,30
7LVK.pickle,22
7OBQ.pickle,0
7OX9.pickle,0
7XUG.pickle,0
1MME.pickle,0
6XH3.pickle,0
4J39.pickle,0
5X2G.pickle,0
6U6Y.pickle,0
2KF0.pickle,0
6OF6.pickle,0
2JR4.pickle,0
6BU8.pickle,0
6K4U.pickle,0
3U56.pickle,0
7OF4.pickle,3
4U52.pickle,0
6T7T.pickle,0
7TOS.pickle,0
3G8T.pickle,8
6S12.pickle,0
6X4W.pickle,0
2HOO.pickle,0
3ZD5.pickle,5
1NA2.pickle,0
4WOI.pickle,0
7ZAG.pickle,73
2ZY6.pickle,0
2ZZN.pickle,0
7UMK.pickle,0
7XSR.pickle,0
6Q57.pickle,0
3GM7.pickle,0
5OPT.pickle,0
4V99.pickle,0
3ADD.pickle,0
1LUX.pickle,3
1DDL.pickle,0
3M7N.pickle,0
2RRA.pickle,0
4UJC.pickle,0
5ZEU.pickle,0
6RBD.pickle,0
397D.pickle,0
7Y83.pickle,0
5NDI.pickle,4
1FXL.pickle,0
1Y1Y.pickle,0
8ABY.pickle,0
6QIQ.pickle,2
1Q29.pickle,0
4RWN.pickle,0
4I67.pickle,1
1QFQ.pickle,0
7EFH.pickle,0
2R7U.pickle,0
7D7Z.pickle,0
2OOM.pickle,2
2JLX.pickle,0
5K77.pickle,0
7CXM.pickle,0
5JAJ.pickle,0
2ANN.pickle,0
6CFJ.pickle,82
2WW9.pickle,0
4KR3.pickle,1
7PUB.pickle,0
7MQF.pickle,0
7CYQ.pickle,0
5SUP.pickle,0
5EMF.pickle,0
6D8N.pickle,0
1EFS.pickle,0
6J9F.pickle,0
1XSG.pickle,0
8CSR.pickle,0
6GZZ.pickle,0
5Z9X.pickle,0
7OHV.pickle,0
4AFY.pickle,0
3P6Y.pickle,0
5ZUU.pickle,4
4W2H.pickle,22
6OGY.pickle,0
2XPJ.pickle,0
1K4A.pickle,0
6KLB.pickle,0
5WLH.pickle,0
7TO2.pickle,1
4MGN.pickle,4
1VQ7.pickle,8
2BCY.pickle,1
7SSW.pickle,0
7BL3.pickle,0
6FSZ.pickle,0
6ZSG.pickle,240
1NKW.pickle,0
1I4B.pickle,0
7DFG.pickle,0
5MY1.pickle,0
4NFO.pickle,0
6DZK.pickle,0
6DLT.pickle,2
4A3E.pickle,0
2BX2.pickle,0
2LPA.pickle,0
5NEQ.pickle,1
3SQW.pickle,0
7QQP.pickle,0
3O6E.pickle,1
7ACT.pickle,0
2XC7.pickle,0
4TNA.pickle,14
4PKD.pickle,1
7M4W.pickle,24
5M8I.pickle,0
1M5O.pickle,2
1YSH.pickle,0
7XSQ.pickle,0
3ADC.pickle,0
4V8A.pickle,0
5WTI.pickle,0
4ERJ.pickle,0
1B23.pickle,8
8D8K.pickle,0
5XWY.pickle,0
8CSQ.pickle,0
3GTL.pickle,0
4A3K.pickle,0
7JZX.pickle,0
6HIW.pickle,0
7P2E.pickle,5
6JFU.pickle,0
6U9X.pickle,0
3EQ4.pickle,0
3MDI.pickle,0
2EEW.pickle,0
6ZVK.pickle,0
6XBU.pickle,0
4U7U.pickle,0
7ASE.pickle,0
2MEQ.pickle,0
6K3Z.pickle,0
3IBK.pickle,2
3CGP.pickle,1
5BKL.pickle,0
3DG2.pickle,0
6IS0.pickle,2
5EF0.pickle,0
6GBZ.pickle,0
5FL8.pickle,0
3BNP.pickle,0
6HMI.pickle,2
7RIP.pickle,0
7YSE.pickle,0
1N77.pickle,0
2GRW.pickle,0
3J0E.pickle,0
4V48.pickle,0
8GU6.pickle,0
6WQN.pickle,0
4WC7.pickle,0
1ANR.pickle,0
3J8G.pickle,0
6KUJ.pickle,0
3KLV.pickle,0
6OST.pickle,38
5VJ9.pickle,0
5CZP.pickle,46
6PIJ.pickle,0
8EOS.pickle,0
1XSH.pickle,0
4PWD.pickle,0
6I1V.pickle,1
5E54.pickle,0
6UF1.pickle,2
6SPB.pickle,0
2F88.pickle,0
1RMN.pickle,0
2QQP.pickle,0
3E5C.pickle,1
6XH2.pickle,0
7PNT.pickle,0
5GAO.pickle,0
7NT5.pickle,0
7NSI.pickle,0
7U0Y.pickle,1
7N8B.pickle,65
8E3H.pickle,0
3B31.pickle,0
4N2S.pickle,0
1BVJ.pickle,0
4TUB.pickle,2
3WC2.pickle,0
2UUB.pickle,2
5C4J.pickle,0
4FAQ.pickle,0
2ZH8.pickle,0
3LWO.pickle,1
7D6Z.pickle,21
2C06.pickle,0
6AGB.pickle,0
4LF7.pickle,12
6PRV.pickle,4
5NZ6.pickle,2
3F2T.pickle,2
6AR3.pickle,0
4V19.pickle,62
3JCJ.pickle,4
4JAH.pickle,6
6C63.pickle,0
3S49.pickle,7
7BHP.pickle,0
6A5T.pickle,0
7F5S.pickle,141
4ZER.pickle,54
6TFH.pickle,1
1C2X.pickle,0
6PPF.pickle,0
4FAW.pickle,0
8ABZ.pickle,0
7S37.pickle,0
6OY6.pickle,1
6U8U.pickle,8
6FBS.pickle,0
3J80.pickle,0
7Z4J.pickle,0
6N8K.pickle,0
3Q0O.pickle,0
2PXL.pickle,0
6UU6.pickle,1
5GAE.pickle,0
1I9K.pickle,0
4AOB.pickle,0
3CXC.pickle,0
1N36.pickle,0
1G59.pickle,0
1FHK.pickle,0
6VWT.pickle,0
6FZ0.pickle,1
7TOO.pickle,0
5UDZ.pickle,0
7OSA.pickle,0
5F9F.pickle,0
6S47.pickle,0
7QQO.pickle,0
4S20.pickle,0
7JZW.pickle,0
4E5C.pickle,0
5F9H.pickle,0
5TSN.pickle,0
7AZS.pickle,81
5NY8.pickle,2
1YYK.pickle,0
5IWA.pickle,0
3J0D.pickle,0
6N5Q.pickle,1
5DV7.pickle,0
7LYF.pickle,0
3R2C.pickle,0
2YJY.pickle,0
7UU3.pickle,0
6HPJ.pickle,0
6TZ1.pickle,1
6TF0.pickle,1
1JB8.pickle,0
5Z56.pickle,0
3NVI.pickle,0
5OOM.pickle,0
4RJ1.pickle,0
2KY0.pickle,0
7MJX.pickle,2
6C0F.pickle,0
6UUC.pickle,1
6DOJ.pickle,0
1KKS.pickle,0
5GAM.pickle,0
6MUU.pickle,0
6UZ7.pickle,0
3HHZ.pickle,0
4A4T.pickle,0
6W6V.pickle,0
3DH3.pickle,4
6J4W.pickle,0
2U2A.pickle,0
6PIG.pickle,0
3ADB.pickle,0
1HQ1.pickle,1
1YJN.pickle,5
7SYS.pickle,0
4V9E.pickle,0
4JI6.pickle,14
7EOH.pickle,1
8DH3.pickle,0
2GRB.pickle,16
7O7Y.pickle,299
2JYF.pickle,0
6DOL.pickle,0
1S03.pickle,0
1XMO.pickle,2
2ZM5.pickle,0
3ID5.pickle,0
2J28.pickle,0
5EEZ.pickle,0
2L1F.pickle,0
5FJ8.pickle,0
6OVR.pickle,1
5J7L.pickle,69
7PNX.pickle,5
6X5M.pickle,0
1ZBL.pickle,0
6WMP.pickle,0
2R7X.pickle,0
2F87.pickle,0
2AP0.pickle,1
6PMJ.pickle,1
4J7M.pickle,2
2RPT.pickle,0
1GRZ.pickle,0
8EKC.pickle,47
6NIT.pickle,0
7WTT.pickle,1
1MV6.pickle,4
5ME0.pickle,15
4V7H.pickle,14
4LT8.pickle,4
4NXN.pickle,13
4JVY.pickle,0
2R7W.pickle,0
6C8O.pickle,8
6SQQ.pickle,0
4U55.pickle,0
7VG3.pickle,0
1VQ5.pickle,10
7DD3.pickle,0
2G8W.pickle,0
2ET8.pickle,0
6Y4B.pickle,7
1PN7.pickle,0
7QGN.pickle,0
8HRA.pickle,0
5JC3.pickle,0
6TF1.pickle,0
6AHR.pickle,0
3BNR.pickle,4
7WTW.pickle,1
6UET.pickle,0
5ZZM.pickle,0
4GV9.pickle,1
3I56.pickle,5
4GHL.pickle,0
4V75.pickle,11
1KOG.pickle,0
2A9X.pickle,0
2N1Q.pickle,0
4AQ7.pickle,0
7MQ9.pickle,0
1N8X.pickle,0
7AF5.pickle,11
5YZG.pickle,1
1R2W.pickle,0
6NOH.pickle,0
3GS5.pickle,0
5GXI.pickle,0
4P3T.pickle,2
6VU1.pickle,1
6RM3.pickle,0
7OAX.pickle,0
7Q48.pickle,0
4X4T.pickle,9
2LU0.pickle,0
1I3Y.pickle,1
6DP7.pickle,0
1OQ0.pickle,0
4E8K.pickle,0
7KUM.pickle,10
3MXH.pickle,1
7NQH.pickle,0
5LR5.pickle,8
2E2H.pickle,0
5H9F.pickle,1
6BG9.pickle,0
7TAX.pickle,0
7KVT.pickle,1
7REX.pickle,0
6DP5.pickle,0
6IFU.pickle,0
7TZU.pickle,0
4PR6.pickle,0
6X50.pickle,0
6VYW.pickle,0
7BV2.pickle,0
2JLV.pickle,0
6RJD.pickle,0
1WTS.pickle,3
7PAI.pickle,0
5ZSN.pickle,0
3IYQ.pickle,0
3CUL.pickle,1
3JXQ.pickle,4
6HA8.pickle,0
4KQ0.pickle,0
4V8B.pickle,0
3SLM.pickle,4
1Q8N.pickle,0
5GMK.pickle,0
6ZQF.pickle,0
2Y95.pickle,0
5E17.pickle,0
176D.pickle,0
2JLY.pickle,0
7OZV.pickle,1
1YN1.pickle,0
4V72.pickle,11
3WQZ.pickle,0
6JDQ.pickle,0
219D.pickle,0
6YW5.pickle,0
8EG0.pickle,0
5FQ5.pickle,0
7OMA.pickle,0
2JQ7.pickle,0
7OFW.pickle,0
7A5J.pickle,0
6ZWW.pickle,0
4LG2.pickle,0
4JAB.pickle,0
6N9F.pickle,56
5ZQ1.pickle,1
6OLG.pickle,0
6ZQE.pickle,0
1YTU.pickle,0
3GX2.pickle,0
6QX3.pickle,1
6C8I.pickle,8
1A34.pickle,0
5NDJ.pickle,0
5HN2.pickle,6
2EZ6.pickle,0
1G3A.pickle,4
6DV9.pickle,0
6O79.pickle,0
1YJW.pickle,5
4V7S.pickle,0
2LA5.pickle,0
2KP3.pickle,10
4DUZ.pickle,14
6DO8.pickle,0
3B58.pickle,1
6KUU.pickle,0
3JAH.pickle,0
1O0C.pickle,0
5VCF.pickle,0
8DGA.pickle,0
6G19.pickle,0
5MMM.pickle,0
5VYC.pickle,0
1K4B.pickle,0
4V57.pickle,0
7NJ7.pickle,0
4A36.pickle,0
6XE0.pickle,0
5XY3.pickle,0
3L26.pickle,0
4V8U.pickle,2
7POF.pickle,1
1S77.pickle,1
7ZO1.pickle,0
1S0V.pickle,0
6VZC.pickle,0
5LMT.pickle,5
6DPN.pickle,0
3DIS.pickle,1
7O1C.pickle,34
6GOV.pickle,0
5AFI.pickle,53
2MKK.pickle,0
6KWQ.pickle,0
7QH4.pickle,0
4LVX.pickle,0
5JJL.pickle,0
2LJJ.pickle,0
6LXD.pickle,0
6RXX.pickle,0
7X34.pickle,0
2PLY.pickle,0
7THB.pickle,0
7OSM.pickle,1
7K50.pickle,0
7BOF.pickle,11
4JZU.pickle,1
6V3A.pickle,28
6XZD.pickle,0
6GXN.pickle,0
6KOQ.pickle,0
5X8T.pickle,0
7OI6.pickle,0
5L1Z.pickle,0
7V59.pickle,0
3CW1.pickle,0
6FTI.pickle,0
7PY5.pickle,0
7R7C.pickle,0
3R9W.pickle,0
5WJR.pickle,0
3D0M.pickle,0
6YMC.pickle,0
7OJL.pickle,0
7PHA.pickle,0
5VCI.pickle,0
4A3B.pickle,0
6Y50.pickle,0
2V6W.pickle,0
2L41.pickle,0
4MSR.pickle,0
6ZTJ.pickle,50
6A6J.pickle,2
4QJH.pickle,3
1XPO.pickle,0
7OIG.pickle,35
6A5L.pickle,0
4TRA.pickle,14
3ER9.pickle,0
5Z9W.pickle,0
2DU5.pickle,0
7SOV.pickle,0
4V7L.pickle,0
1L1C.pickle,0
6O0Z.pickle,0
7N31.pickle,50
5MDZ.pickle,40
7ECM.pickle,0
1Y99.pickle,0
6O6V.pickle,0
1SJF.pickle,0
6PPQ.pickle,0
1YFG.pickle,11
6YT9.pickle,0
7XJG.pickle,0
2TOB.pickle,0
6O8X.pickle,0
7MPU.pickle,0
6ZSE.pickle,163
7NKA.pickle,0
2IRO.pickle,0
2P7F.pickle,1
2DR2.pickle,0
2O32.pickle,6
3IAB.pickle,0
6F3H.pickle,0
2NCR.pickle,0
5FN1.pickle,0
3AOH.pickle,0
4L47.pickle,4
3DG0.pickle,0
6VUI.pickle,0
1ZDH.pickle,0
2VOD.pickle,0
1JO7.pickle,0
5DM7.pickle,0
1NC0.pickle,0
5XZ1.pickle,0
3EGZ.pickle,0
5KLA.pickle,0
7F36.pickle,0
6TW1.pickle,0
5X22.pickle,0
1ZZN.pickle,3
6RJ9.pickle,0
7F8Z.pickle,10
6FRK.pickle,0
4V49.pickle,0
4DR5.pickle,14
3BBK.pickle,1
5EEY.pickle,0
7EEM.pickle,0
2MXS.pickle,0
5AJ4.pickle,202
3J0P.pickle,0
3P4C.pickle,8
6THN.pickle,0
7SYN.pickle,0
6QCV.pickle,1
7KI3.pickle,0
7KX7.pickle,1
8AW3.pickle,0
6XH0.pickle,0
5A0V.pickle,0
5NZD.pickle,4
1EBS.pickle,0
2AZ2.pickle,6
6XH8.pickle,1
5NEW.pickle,0
4V7D.pickle,0
5ZAM.pickle,0
7QVP.pickle,0
7BGD.pickle,0
7NKX.pickle,0
6ELZ.pickle,0
1WPU.pickle,0
4GZY.pickle,0
7N4E.pickle,0
4K4T.pickle,0
7Q2S.pickle,0
1O9M.pickle,0
1E8O.pickle,1
5TGA.pickle,0
7EI7.pickle,2
7DUG.pickle,14
2LKR.pickle,0
1T0D.pickle,2
1JUR.pickle,0
1K9M.pickle,0
4YN6.pickle,0
3PLA.pickle,0
2OIH.pickle,0
8EIU.pickle,35
6W1X.pickle,0
6WQQ.pickle,0
5V1K.pickle,4
6N9W.pickle,1
2KYD.pickle,0
7V2M.pickle,0
4DWA.pickle,0
7MQB.pickle,0
5W1H.pickle,0
7UNU.pickle,26
6MFN.pickle,0
1J4Y.pickle,0
6S6B.pickle,0
7T3K.pickle,0
4V89.pickle,0
6UU9.pickle,2
2QH3.pickle,0
5WFK.pickle,52
6JQ6.pickle,0
7MPJ.pickle,109
1JZC.pickle,0
2CV0.pickle,0
6VPC.pickle,0
1F5G.pickle,0
3J79.pickle,0
2FDT.pickle,0
7QR7.pickle,0
2ZZM.pickle,0
1EFO.pickle,0
7Y9Y.pickle,0
6ZM7.pickle,0
6BSI.pickle,1
4V1N.pickle,0
6C6T.pickle,0
5UDL.pickle,1
6O0Y.pickle,0
7ML4.pickle,0
2MTK.pickle,0
5DI4.pickle,0
6KQH.pickle,0
8AS6.pickle,0
3BNT.pickle,1
3CUN.pickle,2
6HCJ.pickle,0
7VNW.pickle,28
5W51.pickle,0
3WRU.pickle,0
4NFQ.pickle,3
6BY5.pickle,0
5W66.pickle,0
3QJP.pickle,0
7UQ6.pickle,1
5LM7.pickle,0
2XEA.pickle,0
3O7V.pickle,1
1BYJ.pickle,0
7OE0.pickle,0
6DN3.pickle,0
1VVJ.pickle,4
2VNU.pickle,0
6ZXF.pickle,0
6XEZ.pickle,0
4J50.pickle,0
4PDQ.pickle,0
6XHW.pickle,86
2Z75.pickle,0
5WSG.pickle,0
5DGE.pickle,2
3A6P.pickle,0
7LMA.pickle,0
1FUF.pickle,2
6NWY.pickle,2
5O61.pickle,0
6N7P.pickle,0
4V4B.pickle,0
2OGN.pickle,0
5EEW.pickle,0
6K32.pickle,1
5AN9.pickle,0
2GM0.pickle,0
8DZK.pickle,5
1F7I.pickle,0
6P7M.pickle,0
300D.pickle,0
6Q98.pickle,33
6WRS.pickle,0
6DOI.pickle,0
1NLC.pickle,0
2NC1.pickle,0
6E1U.pickle,2
1WWG.pickle,0
4E8P.pickle,0
5DDQ.pickle,0
2UWM.pickle,0
6KOO.pickle,0
6RZZ.pickle,0
7YNB.pickle,0
1ZDJ.pickle,0
6N9V.pickle,1
8B0X.pickle,35
6O1M.pickle,0
7F3K.pickle,1
6W11.pickle,0
4V4H.pickle,0
3CQS.pickle,0
1QVF.pickle,0
3MOJ.pickle,0
3MJ3.pickle,0
6F4A.pickle,0
1BJ2.pickle,0
1DFU.pickle,0
5W4U.pickle,0
5A0T.pickle,0
1Q7Y.pickle,0
1A4D.pickle,0
7ST2.pickle,0
3AKZ.pickle,0
5WNU.pickle,17
7AJT.pickle,0
6DB9.pickle,0
8B6Z.pickle,0
7OOS.pickle,0
4OHZ.pickle,0
1OB5.pickle,45
2AU4.pickle,0
7NAF.pickle,4
2MFC.pickle,0
7KHA.pickle,0
6AAS.pickle,0
7PAJ.pickle,0
3J9B.pickle,0
5LMP.pickle,0
1NJI.pickle,0
6ALH.pickle,0
1P5M.pickle,0
5EMO.pickle,0
5GAK.pickle,0
4V74.pickle,11
7MKO.pickle,0
3NNA.pickle,0
6R9R.pickle,0
7QDD.pickle,0
4DR7.pickle,16
2NVX.pickle,0
8BF5.pickle,1
4LF8.pickle,12
6I9R.pickle,4
6ZXD.pickle,0
7SA4.pickle,34
6PJ6.pickle,24
5YTT.pickle,0
1EFW.pickle,20
6HCQ.pickle,0
7M4Z.pickle,24
1BAU.pickle,0
2QEK.pickle,0
1ULL.pickle,0
8GWF.pickle,0
4LVV.pickle,0
7QV1.pickle,0
2PXB.pickle,0
7N30.pickle,50
1NUV.pickle,0
7DOK.pickle,0
2G91.pickle,2
6SG9.pickle,0
2YGH.pickle,0
7K4L.pickle,0
6CU1.pickle,1
8DH5.pickle,0
6YSI.pickle,8
6V39.pickle,28
7Q7Y.pickle,1
6F4G.pickle,0
6JE9.pickle,0
7A5I.pickle,0
1WKS.pickle,0
2C4Z.pickle,4
4X67.pickle,0
2C0B.pickle,0
2PXD.pickle,0
7JL0.pickle,0
5XOG.pickle,0
5MPL.pickle,0
1RC7.pickle,0
6ZQC.pickle,0
4JYA.pickle,2
7AOZ.pickle,0
5M3J.pickle,0
2H0Z.pickle,0
6UV1.pickle,0
3HAY.pickle,1
4DR6.pickle,16
3SLQ.pickle,4
1P5N.pickle,0
5MMJ.pickle,0
4Q5V.pickle,2
6GKH.pickle,0
2LBL.pickle,0
7BZF.pickle,0
2B3J.pickle,4
7ASO.pickle,0
1F6U.pickle,1
1SFO.pickle,0
8A57.pickle,0
8CVK.pickle,86
1VQ4.pickle,9
3GS8.pickle,0
2JA6.pickle,0
5MQF.pickle,0
6Y0C.pickle,0
6E1W.pickle,2
1BZU.pickle,1
6X4Y.pickle,0
6KQD.pickle,0
7QV2.pickle,0
1D6K.pickle,0
5A18.pickle,0
5WNS.pickle,14
6WLS.pickle,0
3HOZ.pickle,0
6DZI.pickle,0
7WV4.pickle,80
2AWE.pickle,8
2HOP.pickle,0
5F0Q.pickle,2
7DAS.pickle,0
1T0E.pickle,0
6IFZ.pickle,0
433D.pickle,0
4FVU.pickle,0
5IPM.pickle,1
4DV6.pickle,14
7JZY.pickle,0
6LNC.pickle,0
5TF6.pickle,0
2MFD.pickle,0
4V9A.pickle,0
4FAR.pickle,0
5U9F.pickle,0
4M4O.pickle,0
6HYU.pickle,0
3DW6.pickle,1
4U26.pickle,0
6OSI.pickle,0
7LO9.pickle,8
1M5K.pickle,6
7KQN.pickle,0
1YJ9.pickle,5
4U6K.pickle,0
1GSG.pickle,9
7QWQ.pickle,0
5USG.pickle,0
7NWH.pickle,0
7WVJ.pickle,46
4Z31.pickle,0
2NCI.pickle,0
5NQI.pickle,1
4QM6.pickle,0
2PXV.pickle,0
6GSN.pickle,0
7EOL.pickle,0
4V4V.pickle,0
6C6S.pickle,0
3G78.pickle,0
5TGP.pickle,4
7MLI.pickle,0
2K41.pickle,0
7UG7.pickle,47
2MJH.pickle,0
4V6N.pickle,49
6D3P.pickle,0
6M62.pickle,0
6ORL.pickle,38
1FYO.pickle,0
6DNH.pickle,0
4V6V.pickle,39
2R8S.pickle,0
6NOD.pickle,0
8CSU.pickle,0
4U4Y.pickle,0
7TOQ.pickle,0
7BOD.pickle,11
3VNU.pickle,0
5W5Y.pickle,0
6FKR.pickle,46
4AY2.pickle,1
5OA3.pickle,0
6XZ7.pickle,43
1T4L.pickle,0
1CQ5.pickle,0
5FCI.pickle,0
4P9R.pickle,0
5I4A.pickle,0
7SSN.pickle,0
1LC6.pickle,0
7F3J.pickle,4
6KQL.pickle,1
1ZO1.pickle,0
7MT3.pickle,9
7B5K.pickle,34
6H61.pickle,0
7TD7.pickle,0
6SZS.pickle,0
2CD3.pickle,0
4YLN.pickle,3
7UNV.pickle,26
6U79.pickle,0
6X2F.pickle,0
4V4R.pickle,3
7DA7.pickle,0
1ZIF.pickle,0
2VOO.pickle,0
4KRF.pickle,0
4F1N.pickle,0
1NWX.pickle,0
5A2T.pickle,0
7JJE.pickle,1
5NXT.pickle,0
4NL3.pickle,0
6LTR.pickle,0
1RRD.pickle,0
7EH2.pickle,0
6RI7.pickle,0
2C51.pickle,0
1JBR.pickle,1
6DPL.pickle,0
3J5S.pickle,0
2KY2.pickle,0
4LF4.pickle,12
2GUN.pickle,0
6R9J.pickle,0
6N8J.pickle,0
6WHI.pickle,0
4FEJ.pickle,0
5HP3.pickle,1
6TBV.pickle,41
5HKV.pickle,0
1OO7.pickle,0
6GQB.pickle,0
5FKH.pickle,0
1MZP.pickle,0
6N1D.pickle,17
2PXE.pickle,0
3DIR.pickle,2
6KWR.pickle,1
7VPZ.pickle,0
7TO1.pickle,1
7OQB.pickle,0
4JI4.pickle,14
6VLZ.pickle,0
6LLB.pickle,0
3GVN.pickle,0
1NTS.pickle,0
7S4X.pickle,0
6XU7.pickle,0
7BAH.pickle,0
4V6S.pickle,40
4WFB.pickle,0
5T7B.pickle,1
2BYT.pickle,0
6FHI.pickle,0
3JB9.pickle,0
6DU5.pickle,0
165D.pickle,2
5OB3.pickle,0
6G2K.pickle,0
7SYH.pickle,0
7KQM.pickle,6
7Z1M.pickle,0
4U78.pickle,0
4BHH.pickle,0
2AB4.pickle,1
6WDC.pickle,0
1F7U.pickle,13
3TWH.pickle,0
4B3S.pickle,0
7OO3.pickle,0
7SWF.pickle,0
6RT5.pickle,2
6W7W.pickle,0
3G4M.pickle,0
3LWR.pickle,1
8AC0.pickle,0
4XWW.pickle,0
1YLG.pickle,0
2XNW.pickle,0
5HC9.pickle,0
7AFL.pickle,11
2K95.pickle,0
7ELC.pickle,0
7BV8.pickle,0
6HCT.pickle,0
7PH9.pickle,0
8D5L.pickle,0
4S2X.pickle,1
2M8K.pickle,0
6MTE.pickle,135
5UYP.pickle,1
7OHT.pickle,0
2V7R.pickle,0
6ZQD.pickle,0
6UO1.pickle,84
7ANE.pickle,0
4A4R.pickle,1
1KPZ.pickle,1
6IFK.pickle,0
7Q2Q.pickle,0
6NY5.pickle,0
2C4R.pickle,0
1BZ3.pickle,0
6HMA.pickle,3
7RDQ.pickle,0
437D.pickle,1
3NMU.pickle,0
7PIP.pickle,0
6VEM.pickle,2
4QJD.pickle,4
7A9N.pickle,0
3J2A.pickle,0
7PAS.pickle,0
4LJ0.pickle,0
6WDF.pickle,0
1C2Q.pickle,0
6LSS.pickle,97
1NZ1.pickle,1
7O5B.pickle,0
3K5Y.pickle,0
1GID.pickle,0
5L4O.pickle,5
6A5P.pickle,0
4KR7.pickle,0
1ZIG.pickle,0
4WWW.pickle,0
3JAI.pickle,0
3Q0M.pickle,0
7S4V.pickle,0
2KRP.pickle,0
5JC9.pickle,68
5C5W.pickle,0
6YDP.pickle,0
1HMH.pickle,0
4YPB.pickle,6
4K50.pickle,0
7ELE.pickle,0
2E9R.pickle,0
5MMI.pickle,0
7SYV.pickle,0
6OW3.pickle,1
7QIX.pickle,76
6UU1.pickle,2
6XKN.pickle,1
3HOV.pickle,0
4WSM.pickle,20
6YLY.pickle,0
2PWT.pickle,0
1NYB.pickle,0
2XC6.pickle,8
4U4Z.pickle,0
3DIQ.pickle,1
6K84.pickle,0
5DOX.pickle,46
5JUO.pickle,0
6STY.pickle,0
4WKR.pickle,0
5FKG.pickle,0
2ZHA.pickle,0
3ZD7.pickle,0
7XTD.pickle,0
4LX5.pickle,0
4JXX.pickle,0
7Z4D.pickle,0
4A3D.pickle,0
1NBS.pickle,0
2XLI.pickle,1
8DH4.pickle,0
6PPP.pickle,0
7OL0.pickle,0
6D2U.pickle,0
6E1S.pickle,2
2WNA.pickle,6
2N82.pickle,0
7L6T.pickle,2
5LI0.pickle,0
6WD4.pickle,0
6OM0.pickle,34
2G4B.pickle,0
7Q82.pickle,1
3KMQ.pickle,0
7NAX.pickle,11
1C2W.pickle,13
5WNR.pickle,14
7Y7R.pickle,0
7NIC.pickle,0
2N7C.pickle,0
3GIB.pickle,0
7AZY.pickle,0
7MQ8.pickle,22
1C9S.pickle,0
7PIQ.pickle,0
4GG4.pickle,0
3LRR.pickle,2
6SPD.pickle,0
3GTP.pickle,0
7SAM.pickle,0
7ED5.pickle,0
1K9W.pickle,0
8CSP.pickle,0
7PTS.pickle,0
2RU7.pickle,0
1SDR.pickle,0
5UED.pickle,6
6IA2.pickle,0
5JVG.pickle,0
7AIH.pickle,0
1XPE.pickle,0
6I3P.pickle,0
3I2Q.pickle,1
4V4A.pickle,0
4V4Q.pickle,0
4LGT.pickle,2
5DET.pickle,0
7UBM.pickle,0
3IQP.pickle,0
7P7R.pickle,0
6C4I.pickle,33
1KD4.pickle,0
4QVI.pickle,0
5XLP.pickle,0
6GBM.pickle,0
5IMQ.pickle,0
6AWD.pickle,0
6X26.pickle,0
7Z1O.pickle,0
5JJU.pickle,0
2X1F.pickle,0
6ND6.pickle,78
4NGB.pickle,0
1GAX.pickle,0
4DV5.pickle,14
8BD6.pickle,0
6VWM.pickle,0
3J5Y.pickle,0
8D4A.pickle,0
6S13.pickle,0
6OGI.pickle,0
6DLS.pickle,2
7E8O.pickle,0
4TUA.pickle,2
7C7L.pickle,0
6D06.pickle,2
6GJZ.pickle,0
6N7R.pickle,53
5ZSA.pickle,0
7NIS.pickle,0
1Z31.pickle,0
5HNJ.pickle,6
7ABH.pickle,0
3OVA.pickle,0
7Q4K.pickle,56
2KRL.pickle,0
7DIC.pickle,0
3G4S.pickle,5
3CC4.pickle,5
5XJC.pickle,1
2GTT.pickle,0
3J2F.pickle,0
7ZP8.pickle,0
6CHR.pickle,0
7PUA.pickle,0
5WTY.pickle,0
7ZGR.pickle,0
6C4H.pickle,21
2OJ0.pickle,0
2MQP.pickle,0
5FJ1.pickle,0
2X2Q.pickle,28
2RU3.pickle,0
4XEJ.pickle,0
4PMW.pickle,0
4WJ4.pickle,0
6D2Z.pickle,0
7M8E.pickle,0
2NVQ.pickle,0
6ZMO.pickle,0
3PKM.pickle,0
3LOB.pickle,1
4U3L.pickle,0
5XOW.pickle,0
2MQV.pickle,0
2P89.pickle,0
5DM6.pickle,0
1NJP.pickle,1
5USE.pickle,0
6ZN5.pickle,0
6DPE.pickle,0
6OGF.pickle,0
4V73.pickle,11
1P6V.pickle,0
486D.pickle,29
3DLL.pickle,0
6GZQ.pickle,0
1SJ3.pickle,0
1MV1.pickle,2
6MCB.pickle,1
5VVR.pickle,0
5NS4.pickle,0
2PN4.pickle,4
6TYE.pickle,0
4WSB.pickle,0
5J01.pickle,0
4V4X.pickle,0
6XWJ.pickle,0
7JT1.pickle,0
1UVL.pickle,0
3SKL.pickle,4
5JTE.pickle,21
4WT1.pickle,17
3FU2.pickle,0
6BZ7.pickle,0
1M8V.pickle,0
299D.pickle,0
6YL5.pickle,12
3RZD.pickle,0
7Y7Q.pickle,0
7KUD.pickle,0
5U30.pickle,0
1RXB.pickle,0
7VTI.pickle,0
4NIA.pickle,0
5C0Y.pickle,0
8D8J.pickle,0
1AQ4.pickle,0
5ZQ0.pickle,1
7K5L.pickle,0
6OL3.pickle,0
1OSU.pickle,0
6GSL.pickle,28
4D5Y.pickle,0
2MFE.pickle,0
4B3T.pickle,0
5LZY.pickle,0
6HIZ.pickle,0
1FJE.pickle,0
1Q81.pickle,0
5J2W.pickle,0
5FK3.pickle,0
8D2B.pickle,0
5ZEB.pickle,0
5YDT.pickle,0
6ASX.pickle,0
2VPL.pickle,0
4PHY.pickle,0
5VZL.pickle,1
2KG1.pickle,0
2H0W.pickle,1
5OLA.pickle,0
4QI2.pickle,0
2M39.pickle,24
6ZTN.pickle,60
2D18.pickle,0
7XSK.pickle,0
1KOC.pickle,0
3GS1.pickle,0
2NVZ.pickle,0
4MEG.pickle,1
4RGE.pickle,3
6HCM.pickle,0
2G8I.pickle,0
6S0Z.pickle,0
6ND5.pickle,82
7EL1.pickle,0
6CYT.pickle,0
5JCF.pickle,0
7PO2.pickle,6
3SD3.pickle,0
3J7Q.pickle,0
4W2F.pickle,36
6Z6M.pickle,0
1AFX.pickle,0
4RBQ.pickle,0
4K0K.pickle,1
1IK1.pickle,0
4PRF.pickle,0
7Y38.pickle,0
3OL6.pickle,0
1I7J.pickle,12
5DO4.pickle,11
2N0R.pickle,0
4RBZ.pickle,2
3MUT.pickle,1
7TRF.pickle,0
6DPI.pickle,0
7NK4.pickle,0
6DDD.pickle,0
6SPF.pickle,0
6Q8Y.pickle,0
1U6P.pickle,1
2NBX.pickle,0
6K57.pickle,0
3K4E.pickle,0
6VYQ.pickle,0
7XSE.pickle,0
4V6X.pickle,0
1M82.pickle,0
5HNQ.pickle,13
7A9T.pickle,0
2MIS.pickle,0
6H68.pickle,0
4YOE.pickle,0
6G90.pickle,39
1Q2S.pickle,2
1SLP.pickle,0
2JA5.pickle,0
7ORO.pickle,0
4EN5.pickle,0
1ZIH.pickle,0
6CAQ.pickle,14
4KQY.pickle,0
6AH0.pickle,0
6PB4.pickle,1
7LYT.pickle,0
1S9S.pickle,0
3IGI.pickle,0
4TZZ.pickle,0
4TZ0.pickle,0
4FB0.pickle,0
2OM7.pickle,6
2F4T.pickle,0
2BCZ.pickle,2
7EDM.pickle,0
7OF0.pickle,0
1WZ2.pickle,0
7U2H.pickle,70
6BJY.pickle,0
5T62.pickle,4
7NSQ.pickle,0
6U7Z.pickle,1
2LQZ.pickle,0
6G1S.pickle,0
5EEU.pickle,0
2L3J.pickle,0
4QIK.pickle,0
1WMQ.pickle,0
4U27.pickle,0
5M0I.pickle,0
4V9M.pickle,0
7QGU.pickle,0
2GJE.pickle,0
3J9Z.pickle,0
2OM3.pickle,0
6GSK.pickle,16
2WYY.pickle,0
1VTM.pickle,0
6FPX.pickle,0
7SYK.pickle,0
6MXQ.pickle,0
1ATV.pickle,0
7XYB.pickle,0
1ZBI.pickle,0
1IK5.pickle,2
8ASD.pickle,0
2XFM.pickle,1
7QQT.pickle,0
5VSU.pickle,1
4WAN.pickle,0
3C44.pickle,0
1KH6.pickle,6
6GTE.pickle,0
479D.pickle,0
6FPQ.pickle,0
3QRP.pickle,2
8D2A.pickle,0
1U6B.pickle,3
7QQK.pickle,0
2PCW.pickle,0
4C4W.pickle,0
2LV0.pickle,0
5ELR.pickle,0
5AKA.pickle,0
4D26.pickle,0
3S4P.pickle,0
6ZM5.pickle,0
4V7V.pickle,0
6DOM.pickle,0
4P3S.pickle,2
6IV8.pickle,0
6C64.pickle,0
7A9L.pickle,0
3JCE.pickle,1
4A3F.pickle,0
7TNY.pickle,2
5C0X.pickle,0
4UN4.pickle,0
1O0B.pickle,0
2KD8.pickle,0
484D.pickle,0
1QZC.pickle,0
1KD3.pickle,0
6XN7.pickle,0
5VAJ.pickle,1
7Y84.pickle,0
2GXB.pickle,2
2PXT.pickle,0
7K51.pickle,0
5USA.pickle,0
6I7O.pickle,0
6RXU.pickle,0
5V0J.pickle,8
3Q0P.pickle,0
7S1G.pickle,24
3BO1.pickle,0
1UVJ.pickle,0
4BKK.pickle,0
1RNG.pickle,0
5V0H.pickle,8
6J6G.pickle,0
1ZFX.pickle,0
5E7K.pickle,23
1YTY.pickle,0
1QA6.pickle,0
8DVR.pickle,0
3BNQ.pickle,4
6HAG.pickle,0
1YG4.pickle,1
8H2H.pickle,0
6ZQG.pickle,1
7W59.pickle,0
1D4R.pickle,4
2MNC.pickle,0
6XH1.pickle,0
5OBM.pickle,0
4WSD.pickle,28
1VFG.pickle,0
7OI3.pickle,0
1EUY.pickle,0
2KPV.pickle,0
4OQ8.pickle,0
3S2D.pickle,1
4K4Y.pickle,0
5O1Y.pickle,0
7XUI.pickle,0
5D0A.pickle,0
7NRP.pickle,0
4ATO.pickle,1
3DS7.pickle,0
8B0I.pickle,0
5SWM.pickle,12
4PLX.pickle,6
6VWV.pickle,0
1AQO.pickle,0
7BOG.pickle,11
7AOR.pickle,0
4V9B.pickle,0
1SYZ.pickle,0
3JCN.pickle,4
6NOF.pickle,0
7ORM.pickle,0
1OKF.pickle,0
1IDV.pickle,0
6BSH.pickle,1
7NBU.pickle,39
6YPU.pickle,0
6I0U.pickle,0
1ZJW.pickle,0
7M50.pickle,0
2OGO.pickle,0
7LV0.pickle,0
1UTS.pickle,0
5E81.pickle,22
4V7M.pickle,0
4V4N.pickle,0
2MHI.pickle,0
1YZ9.pickle,0
6GXO.pickle,0
6XB7.pickle,0
2LBR.pickle,2
6YS5.pickle,4
5CKK.pickle,0
7EIA.pickle,8
5LZB.pickle,43
2ZH1.pickle,0
4U4Q.pickle,0
7V2Q.pickle,0
1F27.pickle,0
4V6R.pickle,49
6R47.pickle,1
7NJ4.pickle,0
4TUW.pickle,0
7Y9X.pickle,0
3JCR.pickle,0
7V4G.pickle,3
7MQC.pickle,0
4K4W.pickle,0
7M2T.pickle,0
7UOE.pickle,0
2UUA.pickle,2
7RYH.pickle,24
7WI9.pickle,1
2GQ5.pickle,32
6EXV.pickle,0
6HAU.pickle,0
5XWP.pickle,0
6Y53.pickle,0
1FFZ.pickle,0
1BR3.pickle,0
4LQ3.pickle,0
4BTS.pickle,0
5FKF.pickle,0
7Z43.pickle,0
2KRQ.pickle,1
5FDV.pickle,46
6VM6.pickle,0
7QUA.pickle,1
2MER.pickle,3
7LHD.pickle,0
7PWO.pickle,40
7PNZ.pickle,5
3CMA.pickle,6
7RQ8.pickle,86
3V7E.pickle,0
1QTQ.pickle,0
7V2Z.pickle,0
1QRS.pickle,0
5FCJ.pickle,0
3SQX.pickle,0
6DOD.pickle,0
6WNW.pickle,0
6EEN.pickle,0
7ZJX.pickle,208
3LWQ.pickle,1
7T1O.pickle,0
6O90.pickle,0
4KZY.pickle,0
2ZKO.pickle,0
4Z3S.pickle,82
5SZE.pickle,0
8C01.pickle,0
2BJ6.pickle,0
2NR0.pickle,0
7RQC.pickle,50
1RY1.pickle,2
1GTR.pickle,0
6YMK.pickle,6
7AM2.pickle,0
3LRN.pickle,2
2KP4.pickle,0
7EXY.pickle,0
6X7F.pickle,0
5JB2.pickle,2
2LEB.pickle,0
3ZD6.pickle,0
4V8D.pickle,4
7AFI.pickle,11
2AHT.pickle,0
6Q95.pickle,1
6DOB.pickle,0
2XLJ.pickle,1
1PBL.pickle,12
3PU4.pickle,0
7OJ0.pickle,35
6UQ2.pickle,0
6DOU.pickle,0
4NH5.pickle,0
4LFA.pickle,14
6P5J.pickle,0
4GZZ.pickle,0
5IPN.pickle,1
1IVS.pickle,0
6QNQ.pickle,57
280D.pickle,0
6FQ3.pickle,0
6VYZ.pickle,0
7BOE.pickle,11
3KFU.pickle,12
5LZC.pickle,43
7ASP.pickle,0
4NGC.pickle,0
3O8C.pickle,1
4E8M.pickle,0
5WT1.pickle,0
3J46.pickle,1
2MXY.pickle,0
6TPH.pickle,0
1F7F.pickle,0
5ZEY.pickle,0
8CTL.pickle,0
6Z6K.pickle,0
2KD4.pickle,0
6TQN.pickle,0
5Y6Z.pickle,0
2OZB.pickle,0
3E3J.pickle,0
6R9Q.pickle,0
5H1K.pickle,0
6J4X.pickle,0
4MGM.pickle,0
6V3D.pickle,15
6GD3.pickle,0
7K54.pickle,0
2NUG.pickle,0
4QVD.pickle,0
6ZMT.pickle,0
8BTZ.pickle,0
6ZQB.pickle,0
7AC7.pickle,46
4ENC.pickle,0
1MSW.pickle,0
3SKW.pickle,4
7D63.pickle,0
2KZL.pickle,0
1F84.pickle,0
1LNG.pickle,0
6OM7.pickle,34
5O60.pickle,0
1PJO.pickle,0
5IB7.pickle,15
5ANB.pickle,0
6XAS.pickle,0
2RRC.pickle,1
1K6G.pickle,0
3G9C.pickle,4
1B36.pickle,0
7FHI.pickle,0
420D.pickle,0
7WE6.pickle,0
1N66.pickle,0
6HV9.pickle,8
5JS2.pickle,6
4TVX.pickle,2
7Y81.pickle,0
4RCM.pickle,2
7ADC.pickle,0
1YFV.pickle,0
2AP5.pickle,1
3J2D.pickle,0
6GAW.pickle,0
2DR9.pickle,0
4U3M.pickle,0
2L3C.pickle,0
1EMI.pickle,0
4V7B.pickle,1
6OVY.pickle,1
1VTQ.pickle,8
7OA3.pickle,0
7XT7.pickle,0
4XBF.pickle,0
6HCF.pickle,0
7BTB.pickle,0
6NSH.pickle,2
3ADI.pickle,0
4BPB.pickle,0
7WTR.pickle,0
4ZT0.pickle,0
6MPI.pickle,2
7QH7.pickle,0
6ZU5.pickle,0
6DOA.pickle,0
1JID.pickle,3
2KX8.pickle,0
6UU0.pickle,1
7U2I.pickle,70
5F5H.pickle,0
6DP3.pickle,0
2D2K.pickle,1
1TN2.pickle,14
7NKC.pickle,0
1YIT.pickle,5
3PO3.pickle,0
8E6Z.pickle,0
6TNN.pickle,0
3AEV.pickle,0
7MT2.pickle,10
7JZ0.pickle,4
4R4V.pickle,1
1YI2.pickle,5
3GTO.pickle,0
7AP9.pickle,0
6XA1.pickle,213
1MWG.pickle,0
6WVJ.pickle,0
2HEM.pickle,0
7A9Q.pickle,0
5V8I.pickle,46
4HT9.pickle,0
2KRW.pickle,1
6GYV.pickle,0
4V8M.pickle,0
6RXZ.pickle,0
6VZJ.pickle,0
6O5F.pickle,0
6JBQ.pickle,0
1UVI.pickle,0
7SOR.pickle,0
6X2N.pickle,0
1I46.pickle,0
5LMR.pickle,5
4M7D.pickle,0
7CXN.pickle,0
7ZAI.pickle,73
5NWY.pickle,0
6BK8.pickle,0
6EML.pickle,0
5UEF.pickle,6
7MQI.pickle,0
7L48.pickle,0
3ADL.pickle,0
7LD5.pickle,0
7QQS.pickle,0
1YHQ.pickle,5
7Q2R.pickle,0
7JRS.pickle,0
6ORE.pickle,38
6WJS.pickle,0
4MSB.pickle,0
6X6T.pickle,0
6C8M.pickle,8
6N5K.pickle,1
2MXJ.pickle,0
6W62.pickle,0
3J29.pickle,0
8E6W.pickle,0
2L1V.pickle,0
7PJT.pickle,45
3OTO.pickle,0
4V9O.pickle,0
4QEI.pickle,1
7SYO.pickle,0
3I2R.pickle,0
6YMJ.pickle,6
6OFX.pickle,0
1NEM.pickle,0
3IQN.pickle,0
1DQH.pickle,0
3PEW.pickle,0
6ZVH.pickle,0
1YYW.pickle,0
2LWK.pickle,0
7SOP.pickle,0
7YYM.pickle,0
1NUJ.pickle,0
7QQ3.pickle,18
7TTU.pickle,0
6WDJ.pickle,0
4V64.pickle,0
1D0U.pickle,0
6CAB.pickle,8
2NZ4.pickle,8
4QU6.pickle,0
7Z4C.pickle,0
3GCA.pickle,0
3V6Y.pickle,0
4DS6.pickle,0
2LDT.pickle,0
3F4E.pickle,0
2G8F.pickle,0
3SKZ.pickle,4
5K0Y.pickle,0
2DLC.pickle,11
7DU2.pickle,0
7OZQ.pickle,0
2GIS.pickle,0
1QF6.pickle,7
2VQF.pickle,1
3OLB.pickle,0
6HRM.pickle,33
2HOL.pickle,0
7OGK.pickle,0
8EXY.pickle,0
7M4U.pickle,9
7QXB.pickle,0
5T2C.pickle,0
6SKF.pickle,229
1TRA.pickle,14
6Q9A.pickle,33
5J8A.pickle,68
5E08.pickle,0
1SJ4.pickle,0
7TZS.pickle,4
2MXK.pickle,0
1X9K.pickle,0
3J16.pickle,0
6ZTL.pickle,50
6QIT.pickle,0
7M2V.pickle,0
3NDB.pickle,0
2N3O.pickle,0
3BWP.pickle,0
1TUT.pickle,0
5DE5.pickle,0
4KZX.pickle,0
5VVS.pickle,0
7RQD.pickle,48
6SKG.pickle,145
5UQ8.pickle,23
5UYQ.pickle,1
7DUI.pickle,14
7DTE.pickle,0
4UJE.pickle,1
2IY5.pickle,0
4CSU.pickle,0
7NEJ.pickle,0
7PHB.pickle,0
5WEA.pickle,0
2DR8.pickle,0
5IBB.pickle,17
6SJ6.pickle,0
5FK1.pickle,0
6J7Z.pickle,0
7O80.pickle,284
6VFF.pickle,1
2XEB.pickle,0
2MQT.pickle,0
1NYI.pickle,0
7PDU.pickle,0
7BL5.pickle,0
7D81.pickle,0
6KQM.pickle,1
5JVH.pickle,0
4V51.pickle,2
8GWI.pickle,0
7AFO.pickle,9
2ESJ.pickle,0
7ABG.pickle,0
4Y1M.pickle,0
3S1R.pickle,0
2ZHB.pickle,0
6DDG.pickle,0
6J6Q.pickle,0
8EUG.pickle,0
6HTQ.pickle,0
5WWX.pickle,0
6VU3.pickle,0
6CF2.pickle,0
2CV2.pickle,0
6QDW.pickle,0
7P7Q.pickle,6
7R7A.pickle,0
4KZZ.pickle,0
8HRB.pickle,0
6DPF.pickle,0
6B3K.pickle,0
2VQE.pickle,1
3NPN.pickle,0
7WIF.pickle,1
2XKV.pickle,0
3BX2.pickle,0
3S4G.pickle,0
6SHB.pickle,0
7S7B.pickle,2
7JQC.pickle,0
5A2Q.pickle,0
6KC7.pickle,0
1KC8.pickle,0
6WLL.pickle,0
8H1B.pickle,0
4DV3.pickle,14
1FL8.pickle,3
7ZJW.pickle,207
6FQL.pickle,0
5O7H.pickle,0
6NEQ.pickle,0
6H67.pickle,0
435D.pickle,0
5T3K.pickle,2
7N0D.pickle,0
2B8S.pickle,0
2UXB.pickle,0
6C65.pickle,0
1T1O.pickle,0
6M6S.pickle,2
7FJ0.pickle,0
5DNO.pickle,0
5H4P.pickle,0
2EES.pickle,0
4E8V.pickle,0
1H1K.pickle,0
2LP9.pickle,0
3VYY.pickle,0
7ELD.pickle,0
6DME.pickle,2
6MFR.pickle,0
7VA3.pickle,0
354D.pickle,2
6N5N.pickle,1
5DOY.pickle,82
5GM6.pickle,5
3NVK.pickle,0
7QIW.pickle,127
3QJJ.pickle,0
1CSL.pickle,0
5T83.pickle,0
4WPO.pickle,40
6WOO.pickle,0
2ZI0.pickle,0
6INQ.pickle,0
3OWZ.pickle,3
6AR5.pickle,0
6ND4.pickle,49
6MUR.pickle,0
5JUP.pickle,0
5Z3G.pickle,0
6LTU.pickle,0
8E5P.pickle,0
7LH5.pickle,0
7NIR.pickle,0
7PI9.pickle,0
6P5N.pickle,0
5Y87.pickle,0
6WLN.pickle,0
7OG6.pickle,0
7MLJ.pickle,0
6ZXE.pickle,0
4FTE.pickle,0
2DRA.pickle,0
2RE8.pickle,0
2F8K.pickle,0
5HCQ.pickle,8
4F3T.pickle,0
3PEY.pickle,0
2OUE.pickle,1
6YRQ.pickle,0
7TDA.pickle,1
6VMI.pickle,0
4DR2.pickle,14
4GPY.pickle,0
1SAQ.pickle,5
1JZZ.pickle,0
5JJI.pickle,0
1HWQ.pickle,0
6MUS.pickle,0
4WZD.pickle,28
6G63.pickle,4
7Z4O.pickle,0
4WR6.pickle,25
6OTR.pickle,4
2BH2.pickle,2
6F41.pickle,0
7CPV.pickle,0
2F8S.pickle,0
3SZX.pickle,0
413D.pickle,0
7KRO.pickle,0
5MQ0.pickle,0
6C8D.pickle,8
4TZP.pickle,0
6ZJ3.pickle,318
6T3R.pickle,0
1ETG.pickle,0
4Q0B.pickle,0
1RKJ.pickle,0
7D80.pickle,21
6N8M.pickle,0
6RXV.pickle,0
1TRJ.pickle,0
1Q82.pickle,0
1VQO.pickle,6
5EL6.pickle,24
1R9T.pickle,0
6UPZ.pickle,0
2M12.pickle,0
7KD1.pickle,0
7MQH.pickle,0
1ZFT.pickle,2
4KRE.pickle,0
4WU1.pickle,28
6QIS.pickle,0
4Y4O.pickle,46
1Y1W.pickle,0
4N0T.pickle,0
7QGH.pickle,0
7PAL.pickle,0
6NMC.pickle,0
4OO1.pickle,0
7XN7.pickle,0
6LT7.pickle,0
1YXP.pickle,2
2O3Y.pickle,0
3TRA.pickle,8
8ASB.pickle,0
6OLI.pickle,34
3HSB.pickle,0
5TDJ.pickle,0
6XHX.pickle,46
1EKZ.pickle,0
5LYB.pickle,2
2C4Q.pickle,2
6BZ6.pickle,0
2A8V.pickle,0
3CW6.pickle,5
4ENA.pickle,1
2NCQ.pickle,0
1KKA.pickle,0
6H58.pickle,0
3BBM.pickle,2
1QZB.pickle,0
7XUE.pickle,0
6FT6.pickle,0
7KVU.pickle,1
4RQE.pickle,0
3K64.pickle,0
3KTW.pickle,0
2MI0.pickle,0
2ZH7.pickle,0
2RFK.pickle,0
1M8W.pickle,0
7EVO.pickle,0
6DOP.pickle,0
7UCK.pickle,142
1K73.pickle,0
4Z4D.pickle,0
3S1M.pickle,0
6DNR.pickle,2
6DPA.pickle,0
5C45.pickle,0
1LMV.pickle,0
8GWG.pickle,0
4V5Y.pickle,0
7QWS.pickle,0
6GX6.pickle,0
4WFA.pickle,0
1HG9.pickle,0
2O44.pickle,0
2B2G.pickle,0
6EVK.pickle,0
1EQQ.pickle,6
7EDU.pickle,0
6VRD.pickle,20
7N3P.pickle,0
5F8K.pickle,54
2LHP.pickle,0
2RQC.pickle,0
5LYS.pickle,2
1PBR.pickle,0
2L94.pickle,0
7ENI.pickle,0
7JT2.pickle,0
5X21.pickle,0
4JI8.pickle,14
4U1V.pickle,0
5H5U.pickle,0
1YVP.pickle,10
1QRT.pickle,0
7QQV.pickle,0
1BN0.pickle,0
7UMC.pickle,0
6N7X.pickle,0
7URI.pickle,0
5WQ1.pickle,0
6DVC.pickle,0
8E3I.pickle,0
6ZLW.pickle,0
5LZF.pickle,43
4UDV.pickle,0
7AAP.pickle,0
1T0K.pickle,0
3NMA.pickle,0
4UN5.pickle,0
5DC3.pickle,0
8BVJ.pickle,0
5CKI.pickle,0
6Q8U.pickle,2
3J9Y.pickle,40
2XS2.pickle,0
6DOO.pickle,0
4W92.pickle,0
1HVU.pickle,0
7VBC.pickle,0
6SO9.pickle,1
2PN9.pickle,2
7EU9.pickle,0
2AD9.pickle,0
1TFN.pickle,0
6UFG.pickle,2
6JNX.pickle,0
7BPF.pickle,2
3EP2.pickle,0
2D17.pickle,0
7V9U.pickle,0
6XZR.pickle,0
7NK6.pickle,0
6V3E.pickle,9
4V8P.pickle,0
8ANE.pickle,0
7D7X.pickle,0
2J37.pickle,0
4DV2.pickle,14
2G92.pickle,2
4XK0.pickle,0
3HOU.pickle,0
6V9Q.pickle,0
1NTB.pickle,0
7WAZ.pickle,0
2JSE.pickle,0
6DOS.pickle,0
4QLM.pickle,0
1I95.pickle,0
6HKO.pickle,0
7X7R.pickle,0
7NJ5.pickle,0
1OOA.pickle,0
4YB0.pickle,0
4KZE.pickle,1
6TMF.pickle,0
5HR6.pickle,0
2A2E.pickle,0
1U1Y.pickle,2
8ETH.pickle,0
4A2X.pickle,0
5LZU.pickle,0
1R7Z.pickle,0
6ZVJ.pickle,0
6T83.pickle,0
7XHT.pickle,0
1P5O.pickle,0
5FW3.pickle,0
6UV2.pickle,0
6RXY.pickle,0
7Y82.pickle,0
4U24.pickle,0
7OHQ.pickle,0
1SA9.pickle,0
7TRD.pickle,0
5XUZ.pickle,0
7YND.pickle,0
8EUP.pickle,0
2K4C.pickle,0
1ZEV.pickle,0
4V8Q.pickle,1
4V95.pickle,0
1VC5.pickle,0
6GKM.pickle,0
5AJ0.pickle,0
6DOR.pickle,0
6WC0.pickle,1
7Z4K.pickle,0
7Y7S.pickle,0
1QU2.pickle,0
6GC7.pickle,0
6VQV.pickle,0
3KS8.pickle,0
4ERD.pickle,0
7MPL.pickle,0
1WSU.pickle,0
2D3O.pickle,0
6DMD.pickle,4
4YYE.pickle,0
2R7S.pickle,0
6I0V.pickle,0
7BT6.pickle,0
3CF5.pickle,0
5UH5.pickle,0
3HAX.pickle,1
6KQE.pickle,0
3EOG.pickle,0
1EI2.pickle,0
5M1J.pickle,14
6Z6B.pickle,0
7PMM.pickle,0
4V69.pickle,1
7PY7.pickle,0
6N8L.pickle,0
7EDN.pickle,0
4V3P.pickle,0
3SJ2.pickle,0
5IPL.pickle,1
1JBT.pickle,0
6YBS.pickle,28
5BTM.pickle,0
357D.pickle,2
2KHY.pickle,0
7RWR.pickle,0
2N0J.pickle,0
6RT4.pickle,2
6SW9.pickle,48
7KJT.pickle,0
6ZXG.pickle,74
4V6E.pickle,0
6KLE.pickle,0
7KGA.pickle,0
6UC7.pickle,0
2AAR.pickle,0
7UZX.pickle,0
1C04.pickle,0
6FTJ.pickle,0
7Q4L.pickle,0
1HS2.pickle,0
4FXD.pickle,0
8E5L.pickle,0
5UD5.pickle,0
6IZP.pickle,0
5HAB.pickle,0
2KDQ.pickle,0
2XZO.pickle,0
1XWP.pickle,0
2RPK.pickle,0
6XII.pickle,0
4Y7N.pickle,0
6V5C.pickle,0
1F8V.pickle,0
7K98.pickle,0
6XLL.pickle,1
2L8C.pickle,0
1EXY.pickle,0
2ADT.pickle,0
4LX6.pickle,0
2KTZ.pickle,0
3MUM.pickle,1
6A6L.pickle,1
6UPY.pickle,0
3R9X.pickle,0
1AM0.pickle,0
7ADB.pickle,0
283D.pickle,0
3MJ0.pickle,1
8EA3.pickle,0
1FIX.pickle,0
1ZSE.pickle,0
1VBY.pickle,0
5DFE.pickle,46
3OVB.pickle,0
1ZC8.pickle,0
1FG0.pickle,1
6GSM.pickle,12
1MSY.pickle,0
3ICE.pickle,0
7AFD.pickle,11
7L20.pickle,0
7ACR.pickle,36
4A4U.pickle,0
6NE0.pickle,0
3GTM.pickle,0
7PY6.pickle,0
5A9Z.pickle,0
3D0U.pickle,0
7W0E.pickle,0
3J7O.pickle,0
3JBV.pickle,0
5G4V.pickle,0
8C00.pickle,0
6UTV.pickle,1
2RP0.pickle,1
7LS2.pickle,98
8AS7.pickle,0
2QUX.pickle,0
5MLC.pickle,0
4K4Z.pickle,0
2N6S.pickle,0
6ZTM.pickle,50
6T3S.pickle,0
5ANC.pickle,0
6CAS.pickle,14
5VPP.pickle,2
4WTL.pickle,0
5J3C.pickle,46
7ECK.pickle,12
6ZTO.pickle,50
4X4O.pickle,0
5LSN.pickle,0
2I91.pickle,0
4V8E.pickle,4
5LWJ.pickle,1
4WZM.pickle,0
5HBX.pickle,16
1XPU.pickle,0
3TS0.pickle,2
2KUW.pickle,0
2R93.pickle,0
4PJO.pickle,4
8DVS.pickle,0
1KOS.pickle,2
3FTF.pickle,0
1FNX.pickle,0
5NDK.pickle,0
8ACP.pickle,0
7A5P.pickle,0
4BW0.pickle,0
3DIG.pickle,1
6A5U.pickle,0
7UCR.pickle,0
1ZN1.pickle,0
7M4V.pickle,15
2Y9H.pickle,8
7DUK.pickle,14
6VYT.pickle,0
6Z9T.pickle,0
3J7Z.pickle,0
4KTG.pickle,0
4V5A.pickle,2
2G9C.pickle,0
2HO7.pickle,1
7JJD.pickle,1
7NSP.pickle,0
6E80.pickle,0
2FGP.pickle,1
6KUR.pickle,0
2KOC.pickle,0
2XZL.pickle,0
6KYV.pickle,0
2M4Q.pickle,0
7UNC.pickle,0
6WDH.pickle,0
7PMQ.pickle,0
5VPO.pickle,2
1EHT.pickle,0
4LFB.pickle,14
4FEO.pickle,0
6ZDU.pickle,0
3QSY.pickle,0
6ZLC.pickle,0
6VYR.pickle,0
2NPY.pickle,1
2WJ8.pickle,0
7N2V.pickle,48
5D6G.pickle,0
5VH8.pickle,0
4WFN.pickle,0
3SIU.pickle,0
7QR1.pickle,0
6LSE.pickle,0
1JJ2.pickle,0
1IBL.pickle,0
5MSF.pickle,0
3J3V.pickle,0
7MJW.pickle,2
6RI9.pickle,0
2JEA.pickle,0
3HO1.pickle,0
5VOE.pickle,19
6WDI.pickle,0
6SNT.pickle,1
5N8M.pickle,0
3FWO.pickle,0
6JE3.pickle,0
6O16.pickle,0
7KRN.pickle,0
2R21.pickle,2
7PAQ.pickle,0
4V7A.pickle,6
5GAD.pickle,0
6Y5Q.pickle,0
1ZZ5.pickle,0
4MCE.pickle,0
6R6G.pickle,0
470D.pickle,24
6T3K.pickle,0
2CV1.pickle,0
6Z8K.pickle,0
1Y39.pickle,2
3RKF.pickle,0
6YMI.pickle,6
6O9J.pickle,0
6AAU.pickle,2
5UDI.pickle,1
1QET.pickle,0
7ZFW.pickle,3
4V63.pickle,0
1JTJ.pickle,0
5O9Z.pickle,0
8E5K.pickle,0
4AL6.pickle,0
4DB2.pickle,0
5THE.pickle,0
2O3X.pickle,0
4X9E.pickle,0
7S1H.pickle,24
7QP2.pickle,1
1N1H.pickle,0
5EL7.pickle,25
3Q1R.pickle,0
464D.pickle,2
6HAK.pickle,0
7ODS.pickle,31
5N8L.pickle,0
6ZCE.pickle,0
6Y3G.pickle,8
3ZLA.pickle,0
5Z71.pickle,0
7SYI.pickle,0
3BSU.pickle,0
4CS1.pickle,0
1DV4.pickle,362
1KUQ.pickle,0
2ADC.pickle,0
7EH1.pickle,0
5T7V.pickle,0
4NH3.pickle,0
5WF0.pickle,52
6O1K.pickle,0
6U8D.pickle,0
8FFR.pickle,0
3SSF.pickle,0
5X2H.pickle,0
7QSH.pickle,1
2M1O.pickle,0
7PD3.pickle,2
6GQV.pickle,0
5KX9.pickle,0
5DO5.pickle,2
2CT8.pickle,0
5FLM.pickle,0
2HVY.pickle,0
5EEX.pickle,0
6D8A.pickle,0
6O97.pickle,78
3K0J.pickle,0
3PF4.pickle,0
1DQF.pickle,0
5LQW.pickle,0
7V00.pickle,0
6V9D.pickle,0
2OIJ.pickle,0
1ESH.pickle,0
6D6Q.pickle,0
3J9W.pickle,0
439D.pickle,0
6OF1.pickle,78
6TF2.pickle,0
8CST.pickle,2
8AP4.pickle,23
4NGG.pickle,0
6DPC.pickle,0
6L5N.pickle,0
5V2H.pickle,8
1IL2.pickle,16
6WD8.pickle,0
5DAR.pickle,0
7SWQ.pickle,0
4E8Q.pickle,0
4BS2.pickle,0
3J92.pickle,1
6NUE.pickle,0
6NTA.pickle,2
5GIP.pickle,0
1S2F.pickle,0
7A5G.pickle,0
4FSJ.pickle,0
2JYH.pickle,0
2DQO.pickle,0
6ZVI.pickle,0
6QNR.pickle,90
7ZW0.pickle,0
2MFH.pickle,0
6SGA.pickle,1
7EIU.pickle,0
3CCM.pickle,5
6VQX.pickle,0
4U50.pickle,0
6IQW.pickle,0
6ZDP.pickle,0
4FRG.pickle,0
7TR9.pickle,0
4WQU.pickle,28
7TDB.pickle,1
3LWP.pickle,1
4WC6.pickle,0
5ZEM.pickle,2
1EIY.pickle,0
4QYZ.pickle,0
1QES.pickle,0
7UO1.pickle,0
6S0X.pickle,0
6PC8.pickle,21
4Z8C.pickle,8
7QXS.pickle,0
6D90.pickle,0
2DR5.pickle,0
6LQQ.pickle,0
7MKT.pickle,0
6ICZ.pickle,1
7NJ3.pickle,0
2LB4.pickle,0
6XWW.pickle,0
2D2L.pickle,2
4N2Q.pickle,0
6BLP.pickle,0
4YVJ.pickle,0
4W5T.pickle,0
4WRA.pickle,17
7CHD.pickle,10
4V5K.pickle,2
5GAH.pickle,0
1BZT.pickle,1
7V2N.pickle,0
2FD0.pickle,2
7Z4G.pickle,0
3HJY.pickle,0
6GZ4.pickle,0
402D.pickle,0
6YSR.pickle,41
8EOE.pickle,0
6P7N.pickle,0
5VM9.pickle,0
7UVT.pickle,0
6BU9.pickle,0
6GPG.pickle,0
6B4V.pickle,62
5NEO.pickle,1
7X74.pickle,0
6JBF.pickle,0
4E78.pickle,2
3OWI.pickle,3
2OE5.pickle,0
404D.pickle,0
3ICQ.pickle,0
5MPS.pickle,0
6UFJ.pickle,2
6P5K.pickle,0
5U9G.pickle,0
1MY9.pickle,0
4II9.pickle,1
5DGF.pickle,6
4JGN.pickle,0
6D9J.pickle,0
8EUI.pickle,0
4P20.pickle,0
3B4A.pickle,1
4WJ3.pickle,0
5JEA.pickle,0
7QR8.pickle,0
1UVM.pickle,0
4O41.pickle,4
7D8C.pickle,0
5YTV.pickle,0
3SIV.pickle,0
6SJD.pickle,0
7PO3.pickle,5
4V8I.pickle,0
2LC8.pickle,0
5FW2.pickle,0
6V9B.pickle,0
5ELX.pickle,0
1QC8.pickle,0
6H5S.pickle,0
3DIL.pickle,1
2D1A.pickle,0
2A04.pickle,0
3BBI.pickle,3
1PGL.pickle,0
7EOM.pickle,0
1SER.pickle,3
5V0O.pickle,2
5JCH.pickle,0
5V9Z.pickle,2
7TOP.pickle,0
5U9B.pickle,0
4V90.pickle,0
6DP1.pickle,0
8CTI.pickle,0
4V5Q.pickle,20
6YDW.pickle,0
5KK5.pickle,0
5D99.pickle,1
7NWT.pickle,39
5VJB.pickle,4
2KXM.pickle,0
8AF0.pickle,0
6I1W.pickle,1
1RMV.pickle,0
6N6F.pickle,0
1MVR.pickle,0
6WXQ.pickle,0
6UP0.pickle,0
6B19.pickle,0
7UO4.pickle,0
5MJV.pickle,0
5C4X.pickle,0
7PWG.pickle,25
7URM.pickle,0
4U1U.pickle,0
7TQL.pickle,0
5C44.pickle,0
6QIC.pickle,0
8DH1.pickle,0
5VGW.pickle,0
7MLX.pickle,0
7B3D.pickle,0
2JUK.pickle,0
1CQL.pickle,0
7T3L.pickle,0
6CY4.pickle,16
359D.pickle,0
3CGR.pickle,1
7SAE.pickle,0
6SAG.pickle,0
7UGA.pickle,0
8GWB.pickle,0
7P8Q.pickle,1
3WFR.pickle,0
2VAL.pickle,0
3G6E.pickle,5
4U56.pickle,0
7SOS.pickle,0
7JL3.pickle,0
4EJT.pickle,0
7PY0.pickle,0
2M18.pickle,0
6XRZ.pickle,0
7CGG.pickle,0
5B2S.pickle,0
6SPE.pickle,0
6QWL.pickle,0
1QU3.pickle,0
5MRE.pickle,0
3DKN.pickle,0
6SX0.pickle,0
2OGM.pickle,0
1RLG.pickle,6
2HGH.pickle,0
3GES.pickle,0
2MXL.pickle,0
1SCL.pickle,0
6W3M.pickle,0
5JUU.pickle,0
7ONB.pickle,0
7LYJ.pickle,0
5WNT.pickle,18
5ED2.pickle,2
2GJW.pickle,4
4ZC7.pickle,0
2L5Z.pickle,0
4X6A.pickle,0
7SP1.pickle,0
3PIO.pickle,0
2PN3.pickle,2
4V79.pickle,11
7U2B.pickle,0
6BM2.pickle,0
1FQZ.pickle,0
7N33.pickle,6
7K00.pickle,35
6W2T.pickle,0
3DVV.pickle,2
4RNE.pickle,0
6P71.pickle,0
4K4S.pickle,0
7RE1.pickle,0
3J7A.pickle,0
5B43.pickle,0
4V6Q.pickle,49
6N9U.pickle,1
7MJV.pickle,1
5E18.pickle,0
7D2L.pickle,0
7NRD.pickle,0
2KPD.pickle,0
3SUY.pickle,1
6FLQ.pickle,0
4OLA.pickle,0
3L3C.pickle,8
3UD4.pickle,1
2N7M.pickle,0
3EOH.pickle,0
1X1L.pickle,0
2G32.pickle,32
1Y73.pickle,0
1HNW.pickle,0
2GO5.pickle,0
7ELP.pickle,0
6N5T.pickle,1
5ON6.pickle,0
4KVB.pickle,14
5XYU.pickle,0
6K0A.pickle,0
2FQN.pickle,0
7UZY.pickle,0
6LTP.pickle,0
2O5I.pickle,0
6G99.pickle,0
4R4P.pickle,1
5AY2.pickle,4
7ZOD.pickle,0
5I4L.pickle,0
2NVT.pickle,0
5J91.pickle,68
1EBQ.pickle,0
7SHX.pickle,0
7OFZ.pickle,0
7JNH.pickle,1
2L2J.pickle,0
5DHB.pickle,12
2TRA.pickle,8
8DG5.pickle,0
6DCB.pickle,1
5NEF.pickle,1
7WTL.pickle,0
1ELH.pickle,0
1ETF.pickle,0
5OT2.pickle,0
5WZK.pickle,0
2OTL.pickle,5
7R6K.pickle,0
5VOF.pickle,19
6WTL.pickle,1
6XJQ.pickle,0
3OXJ.pickle,4
6DN2.pickle,0
5GIN.pickle,0
3CZW.pickle,0
2NRE.pickle,0
7PIB.pickle,0
1N8R.pickle,0
8E5O.pickle,0
3OG8.pickle,0
3LA5.pickle,0
2YKR.pickle,0
6XU8.pickle,0
3OWW.pickle,3
7SYJ.pickle,0
3QSU.pickle,0
2ZNI.pickle,0
6SZU.pickle,0
4P3U.pickle,4
2M58.pickle,1
6TC3.pickle,41
6SY6.pickle,0
4NGD.pickle,0
5EN1.pickle,0
5V2R.pickle,0
4KXT.pickle,0
1HR0.pickle,0
3AOI.pickle,0
4V76.pickle,11
1A1T.pickle,0
6WXY.pickle,0
7SYU.pickle,0
8GWE.pickle,0
3G96.pickle,8
4ILM.pickle,0
3JAM.pickle,0
7PO0.pickle,5
3R4F.pickle,0
1PJG.pickle,0
7ADE.pickle,0
2GBH.pickle,2
5XPG.pickle,0
7D12.pickle,0
466D.pickle,0
7OAW.pickle,0
6BFB.pickle,0
2RP1.pickle,1
2CD5.pickle,0
2MB0.pickle,0
6VA4.pickle,0
4TS2.pickle,2
6SH8.pickle,0
5DTO.pickle,0
7WB0.pickle,0
7MDL.pickle,0
4A93.pickle,0
4V6M.pickle,0
5TGM.pickle,0
5DI2.pickle,0
6ZX5.pickle,0
2GQ4.pickle,32
6T0R.pickle,0
4GXY.pickle,2
1EBR.pickle,0
7CGL.pickle,0
7MPI.pickle,65
5U07.pickle,0
6U8K.pickle,0
3IZZ.pickle,0
7P7S.pickle,0
5GAG.pickle,0
6DMC.pickle,4
5MRF.pickle,0
6QX8.pickle,2
4JYZ.pickle,9
6AHD.pickle,0
3J0O.pickle,0
7ELM.pickle,0
1OLN.pickle,0
7SBB.pickle,0
430D.pickle,1
3QGC.pickle,0
7EAG.pickle,0
5EPI.pickle,0
6XMF.pickle,0
5GJB.pickle,0
4QIL.pickle,0
5LYV.pickle,2
2LI4.pickle,0
1Y90.pickle,2
7D0G.pickle,0
7NGA.pickle,0
5JBG.pickle,1
8B7Y.pickle,18
4V78.pickle,11
8B0J.pickle,0
5F0S.pickle,2
2GV3.pickle,0
7CTT.pickle,0
6WDR.pickle,0
3J2E.pickle,0
4V8F.pickle,4
5XPA.pickle,0
1F85.pickle,0
4V5D.pickle,8
2YHM.pickle,0
2DU3.pickle,0
6XZQ.pickle,0
5LMQ.pickle,5
6N8N.pickle,0
4NYC.pickle,1
6GTF.pickle,0
6WLK.pickle,0
2LDL.pickle,0
7SSD.pickle,0
7W0C.pickle,0
1VOP.pickle,0
6OPE.pickle,0
7JSW.pickle,0
1K8A.pickle,0
3NCU.pickle,2
1WWE.pickle,0
3OL7.pickle,0
1XPF.pickle,0
4ZNP.pickle,0
7SZU.pickle,1
3S17.pickle,0
6P2H.pickle,1
7N2M.pickle,0
6E8S.pickle,0
4V9H.pickle,0
2YKG.pickle,0
3S15.pickle,0
6UGG.pickle,0
2MTJ.pickle,0
6YWO.pickle,0
3DIO.pickle,1
1ATW.pickle,0
5J4C.pickle,82
7QDU.pickle,0
5KPV.pickle,0
1NJO.pickle,1
4A3J.pickle,0
7ECP.pickle,0
2BEE.pickle,0
7SOT.pickle,0
4FEL.pickle,0
5F98.pickle,0
7TOR.pickle,0
7N0B.pickle,0
7P48.pickle,1
3BBX.pickle,0
7PJV.pickle,45
1DI2.pickle,0
4NXM.pickle,13
7O19.pickle,34
2NBZ.pickle,0
5T16.pickle,4
1ASZ.pickle,16
4TU0.pickle,2
6IG0.pickle,0
7QWR.pickle,0
2GQ7.pickle,32
6E0O.pickle,2
5M3H.pickle,0
6QIV.pickle,0
4HOT.pickle,1
4QKA.pickle,2
7B7D.pickle,0
6K4S.pickle,0
5Z98.pickle,0
1SY4.pickle,0
6PUN.pickle,0
3W1K.pickle,0
5GAN.pickle,0
5LMN.pickle,0
2BQ5.pickle,0
3G8S.pickle,8
6HIV.pickle,0
4TUX.pickle,0
2MS1.pickle,0
3JBO.pickle,0
6ZPF.pickle,0
1K1G.pickle,0
4K4X.pickle,0
6OZS.pickle,0
6GTG.pickle,0
1HR2.pickle,0
4DV4.pickle,14
7NQL.pickle,0
6BOH.pickle,62
7JSS.pickle,0
4J5V.pickle,0
3LOA.pickle,2
7PO4.pickle,3
6UEY.pickle,2
7W0A.pickle,0
4V9S.pickle,0
6T2C.pickle,0
6ALF.pickle,0
2Q1R.pickle,0
2N7X.pickle,0
2JLU.pickle,0
6WD9.pickle,0
5MRX.pickle,1
4AQY.pickle,0
5ZSE.pickle,0
3IVK.pickle,0
7VTN.pickle,0
6R9P.pickle,0
1I6H.pickle,0
4HT8.pickle,0
6DOH.pickle,0
7BGB.pickle,0
3AVT.pickle,0
6MJ0.pickle,0
7R1F.pickle,3
4EYA.pickle,0
6YFT.pickle,600
7QTN.pickle,3
1H2C.pickle,0
7D3J.pickle,0
7OF3.pickle,0
2MFF.pickle,0
5KCR.pickle,24
5H3U.pickle,0
7PYK.pickle,0
3JAJ.pickle,0
5E6M.pickle,2
6DPH.pickle,0
1SM1.pickle,0
3CJZ.pickle,2
2MKN.pickle,0
7MQD.pickle,0
5F9R.pickle,1
4Q5S.pickle,0
7ELR.pickle,0
3BSN.pickle,1
7KFN.pickle,2
3PDR.pickle,0
5F8J.pickle,0
6YAM.pickle,2
5ZTH.pickle,1
1JTW.pickle,0
6YXX.pickle,89
1VBX.pickle,0
6XQB.pickle,0
5HCP.pickle,8
2QUS.pickle,2
7D82.pickle,0
6GMH.pickle,0
5JS1.pickle,0
3FS0.pickle,0
1J2B.pickle,0
7Q22.pickle,0
3FAR.pickle,0
2KFY.pickle,0
3U4M.pickle,0
4WTA.pickle,0
1QVG.pickle,0
6VRB.pickle,0
7MRL.pickle,0
6UTZ.pickle,1
2UXD.pickle,0
2GIO.pickle,0
6O8W.pickle,0
3J2C.pickle,0
2VUM.pickle,0
2MKI.pickle,0
4OJI.pickle,1
7WTQ.pickle,0
3Q0N.pickle,0
2MQQ.pickle,0
7S3H.pickle,0
7BL4.pickle,0
1BGZ.pickle,0
4LFC.pickle,14
5Z58.pickle,0
4Z4C.pickle,0
6BJG.pickle,0
1T28.pickle,0
2FZ2.pickle,0
2IXZ.pickle,0
7C07.pickle,0
6OSQ.pickle,38
6VYS.pickle,0
1I97.pickle,0
7OTC.pickle,34
7S0S.pickle,1
6ZOK.pickle,0
3BNS.pickle,4
7OB9.pickle,0
6UV4.pickle,0
6YTF.pickle,4
6W7M.pickle,0
6I1L.pickle,0
1XHP.pickle,0
5WWS.pickle,0
4Y27.pickle,2
2RSK.pickle,0
4FEN.pickle,0
7ZHG.pickle,73
5WZH.pickle,0
6HIY.pickle,0
7OYG.pickle,0
4IG8.pickle,0
4V4Y.pickle,0
1Y26.pickle,0
2FCZ.pickle,4
1UVN.pickle,0
7ECJ.pickle,3
5HL7.pickle,0
4V8J.pickle,0
6DOY.pickle,0
5OR0.pickle,2
7OM7.pickle,0
6H9I.pickle,2
7TDC.pickle,1
5NO2.pickle,11
3F2X.pickle,2
3MJB.pickle,0
7O5H.pickle,0
7KGB.pickle,14
5YKI.pickle,0
1J8G.pickle,0
7UIN.pickle,0
6KUT.pickle,0
6NU3.pickle,0
7UME.pickle,0
5Y7M.pickle,0
6J51.pickle,0
4V52.pickle,0
3DIY.pickle,2
7RE0.pickle,0
7Q6L.pickle,0
2BBV.pickle,0
7SSL.pickle,0
7ASM.pickle,3
3R1E.pickle,2
7ZAH.pickle,73
5W7O.pickle,0
3JAQ.pickle,11
2B7G.pickle,0
4NYD.pickle,1
2L2K.pickle,0
6GZ3.pickle,0
7MQE.pickle,0
8AMM.pickle,0
7QIY.pickle,75
6WRE.pickle,2
6PPV.pickle,0
2LBQ.pickle,1
3BBV.pickle,9
1DUQ.pickle,0
6BMD.pickle,9
7OYA.pickle,0
4B5R.pickle,0
2KUR.pickle,0
5LMS.pickle,5
6Z9R.pickle,0
3K49.pickle,0
2W89.pickle,0
5DEA.pickle,0
7ODE.pickle,23
5C0W.pickle,0
6S8E.pickle,0
4W29.pickle,4
3BNO.pickle,4
4V9N.pickle,0
6PC6.pickle,21
7PIC.pickle,0
4V7E.pickle,0
3P49.pickle,0
6BJS.pickle,0
4TZW.pickle,0
4O8J.pickle,0
8AMK.pickle,0
7KX9.pickle,1
7ECO.pickle,0
1VQP.pickle,10
5DDO.pickle,0
7QQZ.pickle,0
7D1A.pickle,0
3VYX.pickle,0
7MPQ.pickle,0
3BT7.pickle,2
7LJY.pickle,0
6GSJ.pickle,24
3NJ6.pickle,0
4HKQ.pickle,0
4M30.pickle,0
5W6V.pickle,10
2G8H.pickle,0
6AAX.pickle,0
6BSG.pickle,1
5KPW.pickle,0
6O7B.pickle,0
6QT0.pickle,0
3DW7.pickle,1
7ORL.pickle,0
6Z6L.pickle,0
3R2D.pickle,0
7UNW.pickle,26
1NWY.pickle,0
1M8Y.pickle,0
6XN4.pickle,0
5GIO.pickle,0
2X1A.pickle,0
6DPJ.pickle,0
4D25.pickle,0
6VUH.pickle,0
6I2N.pickle,0
1A60.pickle,0
4U3N.pickle,0
4P97.pickle,0
6YSS.pickle,41
4S3N.pickle,0
7RE2.pickle,0
5NDG.pickle,0
5VP2.pickle,82
3K61.pickle,0
6MTB.pickle,135
6YML.pickle,2
4ZLR.pickle,0
5NG6.pickle,0
4WZO.pickle,23
2PY9.pickle,0
6XLN.pickle,0
2E9Z.pickle,0
4ZDO.pickle,0
1HS1.pickle,0
5XJ2.pickle,0
7NWI.pickle,0
3I55.pickle,5
5WNP.pickle,17
7RIW.pickle,0
7R6L.pickle,0
7EH0.pickle,0
7MPM.pickle,0
7MSC.pickle,9
7PJX.pickle,45
5UZ6.pickle,9
6H5Q.pickle,0
6KJ6.pickle,0
6HHQ.pickle,0
3T5N.pickle,0
6ZRS.pickle,0
4R3I.pickle,1
1R2X.pickle,0
7DUH.pickle,14
6QN3.pickle,0
3OXE.pickle,3
6Z9S.pickle,0
4WFL.pickle,2
387D.pickle,0
5ZKJ.pickle,0
5ZSB.pickle,0
5MRC.pickle,0
6A5R.pickle,0
8CVJ.pickle,86
3E5F.pickle,1
5LR3.pickle,2
4V5R.pickle,20
6H0R.pickle,0
4V88.pickle,40
6T3N.pickle,0
5Z4J.pickle,0
4K4V.pickle,0
7Z4I.pickle,0
6KR6.pickle,1
1KFO.pickle,1
1MFJ.pickle,0
6DTI.pickle,0
7Q3L.pickle,0
7AJU.pickle,0
6D8F.pickle,0
2CZJ.pickle,8
1B2M.pickle,3
4JI2.pickle,14
4K27.pickle,0
7OI7.pickle,0
4V97.pickle,0
7TZT.pickle,0
5DA6.pickle,0
5ON3.pickle,0
3P4B.pickle,24
7PNU.pickle,0
5CD4.pickle,2
4V9D.pickle,0
1S9L.pickle,20
7NHM.pickle,6
7QR5.pickle,0
2M4W.pickle,0
6UU4.pickle,0
1ZBN.pickle,0
4GL2.pickle,0
3CD6.pickle,6
2EET.pickle,0
2YH1.pickle,0
7LS1.pickle,98
1UTD.pickle,0
5IT7.pickle,0
3J2B.pickle,0
3V11.pickle,5
6B45.pickle,0
4TZX.pickle,0
6W7N.pickle,0
4H5O.pickle,0
5IP2.pickle,0
5ODV.pickle,0
3EPJ.pickle,0
4CQN.pickle,0
6JQ5.pickle,0
2CD1.pickle,0
6KL9.pickle,0
1KXK.pickle,0
2XXA.pickle,0
4CXH.pickle,11
3MQK.pickle,0
7VRL.pickle,0
2ES5.pickle,0
5X8P.pickle,0
2CJK.pickle,0
6ZOT.pickle,1
4OQU.pickle,0
4QLN.pickle,0
6TPQ.pickle,0
4V7R.pickle,0
7N06.pickle,0
3IVN.pickle,2
3H5X.pickle,0
3E2E.pickle,0
1X8W.pickle,0
5GMG.pickle,0
7RQB.pickle,50
1XPR.pickle,0
4MCF.pickle,0
7QTL.pickle,0
7DFH.pickle,0
2MZ1.pickle,0
6N9X.pickle,1
3S1Q.pickle,0
3GER.pickle,0
3B4C.pickle,0
7UML.pickle,0
7NDJ.pickle,0
6QCT.pickle,1
7BPG.pickle,4
7L6R.pickle,2
5BKN.pickle,0
2B2D.pickle,0
5TZS.pickle,376
3J5L.pickle,1
8EKB.pickle,54
1NTT.pickle,0
8D28.pickle,0
5BZV.pickle,0
6RT6.pickle,2
3HK2.pickle,0
6U7Y.pickle,1
3KOA.pickle,0
7PAT.pickle,0
6JIM.pickle,0
6WZS.pickle,0
6DOF.pickle,0
7A18.pickle,0
1NBR.pickle,0
157D.pickle,0
2R7V.pickle,0
6N6I.pickle,0
8D49.pickle,0
7WB1.pickle,0
6WU9.pickle,0
6YAN.pickle,2
4V6K.pickle,55
7YPA.pickle,0
6X7K.pickle,0
4W2I.pickle,36
5TCU.pickle,0
6WY2.pickle,5
6OG7.pickle,0
7SYW.pickle,0
6RCL.pickle,0
3BO3.pickle,2
4V84.pickle,0
2HT1.pickle,0
5EIM.pickle,0
2ZH4.pickle,0
6ZTP.pickle,50
3JAG.pickle,0
4KYY.pickle,0
7WJU.pickle,0
2ZH3.pickle,0
3WC1.pickle,0
1MNB.pickle,0
2ET4.pickle,0
6D8L.pickle,0
3NJ7.pickle,0
6JDV.pickle,0
7ZQ5.pickle,0
5W0M.pickle,0
5LZV.pickle,0
7K9Y.pickle,0
4LF6.pickle,12
8E4X.pickle,2
6ZUO.pickle,0
6ZXH.pickle,74
5F8H.pickle,0
6Q97.pickle,33
6PK9.pickle,0
7QGR.pickle,0
5L3P.pickle,46
4JK0.pickle,0
7JIL.pickle,0
7NQ4.pickle,0
4BY7.pickle,0
2RKJ.pickle,0
1N53.pickle,0
2K65.pickle,0
3J6X.pickle,0
6UCQ.pickle,74
3K62.pickle,0
6ZP4.pickle,0
5WZI.pickle,0
3GOG.pickle,0
6UQ0.pickle,0
2KG0.pickle,0
4V8X.pickle,7
6E1V.pickle,3
1LAJ.pickle,0
1R9F.pickle,0
6CAR.pickle,14
5BUD.pickle,0
6LVR.pickle,28
3WBM.pickle,0
4GKJ.pickle,2
6SVS.pickle,0
5UYL.pickle,0
2R1S.pickle,2
6XKO.pickle,1
6WB0.pickle,0
8D29.pickle,0
4UE4.pickle,0
8BE0.pickle,4
6C8N.pickle,8
5XUT.pickle,0
7PKT.pickle,0
5O5J.pickle,0
3PGW.pickle,0
5BZU.pickle,0
7ZEW.pickle,0
6OM6.pickle,33
6D9K.pickle,0
1ML5.pickle,14
6O78.pickle,1
5XI1.pickle,0
5HD1.pickle,8
7BGE.pickle,0
1TOB.pickle,0
6BBO.pickle,0
4LEL.pickle,4
6NDK.pickle,48
7NAC.pickle,4
4V6O.pickle,49
5EW4.pickle,0
7TUV.pickle,0
124D.pickle,0
1VC6.pickle,0
5LKS.pickle,0
6Z9Q.pickle,0
6QXE.pickle,2
8GNA.pickle,0
7JL1.pickle,0
5VT0.pickle,0
1SDS.pickle,0
3KNC.pickle,0
6N6D.pickle,0
7OI8.pickle,0
1ZN0.pickle,0
7PO1.pickle,5
3I4M.pickle,0
4WSA.pickle,0
1RPU.pickle,0
2O81.pickle,4
7C79.pickle,0
5EX7.pickle,0
3LQX.pickle,1
2L6I.pickle,0
2KU0.pickle,0
4V83.pickle,0
4KHP.pickle,0
4RBY.pickle,1
5UZA.pickle,2
6CIH.pickle,0
7A9P.pickle,0
7VNV.pickle,34
7Z4E.pickle,0
5FVC.pickle,0
1NTQ.pickle,0
4BBS.pickle,0
5UK4.pickle,0
2LA9.pickle,1
1R3O.pickle,32
6DN1.pickle,0
7JZZ.pickle,0
7WTP.pickle,0
7C06.pickle,0
6YRB.pickle,0
3OV7.pickle,0
5NPM.pickle,0
1VQL.pickle,8
301D.pickle,0
6PCR.pickle,21
1KP7.pickle,0
6PZQ.pickle,0
6WLO.pickle,0
7BKQ.pickle,0
1ZDK.pickle,0
468D.pickle,24
6Z18.pickle,2
1D0T.pickle,5
8BEK.pickle,2
7EOO.pickle,0
6BLO.pickle,0
6ZSD.pickle,163
7U2J.pickle,70
7MT7.pickle,9
4KR2.pickle,1
5N5C.pickle,0
3CCU.pickle,5
7ZOQ.pickle,0
2KUV.pickle,0
7QI4.pickle,14
7AE3.pickle,0
6QDV.pickle,68
5OOL.pickle,0
6D92.pickle,0
7D4I.pickle,0
4Z4E.pickle,0
6XN3.pickle,0
4TYW.pickle,0
6HA1.pickle,0
6WY3.pickle,4
2KRV.pickle,2
7OZU.pickle,1
1AKX.pickle,0
3Q2T.pickle,0
3JBN.pickle,0
6DPO.pickle,0
8A22.pickle,0
2M24.pickle,0
6OGG.pickle,0
4RKV.pickle,0
8D8L.pickle,0
6PC7.pickle,21
4ZDP.pickle,0
7YYN.pickle,0
1ZX7.pickle,0
6D8P.pickle,0
3DIX.pickle,1
6TFF.pickle,0
5W3V.pickle,0
1ZBH.pickle,0
3PDM.pickle,0
4U3U.pickle,0
1ET4.pickle,0
2IXY.pickle,0
5MYJ.pickle,0
4FEP.pickle,0
1PN8.pickle,0
1YNG.pickle,0
5ZLU.pickle,5
1KPY.pickle,1
7QQW.pickle,0
3NKB.pickle,0
7A0R.pickle,0
4BBL.pickle,0
4V7K.pickle,4
7NAS.pickle,11
5IEM.pickle,0
5UEE.pickle,6
1EUQ.pickle,0
4V8O.pickle,0
5XLO.pickle,0
6D8M.pickle,0
28SR.pickle,0
3P4D.pickle,8
480D.pickle,0
6NUD.pickle,0
1XNQ.pickle,1
4Z4H.pickle,0
7KUP.pickle,10
2O3V.pickle,0
3SKT.pickle,4
8CTH.pickle,12
2R92.pickle,0
7QDZ.pickle,0
2Y8W.pickle,1
6GB2.pickle,0
5ZWM.pickle,0
1UUD.pickle,0
7F1M.pickle,0
6PCS.pickle,21
5H0R.pickle,0
3J6Y.pickle,0
5F5F.pickle,0
6H9H.pickle,2
6NY1.pickle,0
2M21.pickle,0
6OV0.pickle,4
6RIN.pickle,0
6G4S.pickle,0
1TFY.pickle,0
1Q9A.pickle,0
7F0D.pickle,0
6UC9.pickle,0
7AOI.pickle,0
2ZJR.pickle,0
3VNV.pickle,0
7AZO.pickle,85
3K1V.pickle,0
7F3I.pickle,4
6C6K.pickle,2
1MFY.pickle,0
4V5G.pickle,16
4Q9R.pickle,1
7D8O.pickle,0
4V56.pickle,0
3FO6.pickle,0
2M5U.pickle,0
7Q0P.pickle,2
6WB1.pickle,0
7KWG.pickle,0
4OI0.pickle,0
3Q1Q.pickle,0
3TUP.pickle,0
6JJH.pickle,0
8CSZ.pickle,0
3DEG.pickle,15
2LPS.pickle,0
2QH4.pickle,0
3IQR.pickle,0
5G2Y.pickle,0
7UPH.pickle,33
3NNH.pickle,0
6N6J.pickle,0
5NEP.pickle,1
6DOC.pickle,0
1TJZ.pickle,0
7S4U.pickle,0
1E95.pickle,0
5WNV.pickle,18
3BSX.pickle,0
5APO.pickle,139
2NUE.pickle,0
7PO6.pickle,3
4OO8.pickle,0
5WQE.pickle,0
2G3S.pickle,0
6LSH.pickle,0
2I7Z.pickle,0
7ZPJ.pickle,0
3NL0.pickle,0
3NMR.pickle,0
2LX1.pickle,0
4W2G.pickle,36
7SYT.pickle,0
3J2H.pickle,0
4QK8.pickle,2
6JVX.pickle,0
7PLI.pickle,6
3D2S.pickle,0
3JBP.pickle,0
7OIZ.pickle,34
7EGQ.pickle,0
7OOC.pickle,0
1OW9.pickle,0
5UNE.pickle,0
2G8V.pickle,0
2K3Z.pickle,0
6YS3.pickle,0
7M4Y.pickle,28
5UX3.pickle,4
2GVO.pickle,0
4JRC.pickle,2
2BGG.pickle,0
2DD1.pickle,1
3CGQ.pickle,1
1YYO.pickle,0
3FTE.pickle,0
6KE6.pickle,0
405D.pickle,0
7WVF.pickle,46
6XDR.pickle,0
1NXR.pickle,0
1W2B.pickle,0
5ZEG.pickle,3
4UG0.pickle,0
2JLZ.pickle,0
1LC4.pickle,0
7PNW.pickle,4
6MTD.pickle,107
6DOQ.pickle,0
2KX5.pickle,0
5F6C.pickle,0
4NYB.pickle,1
434D.pickle,0
4X4N.pickle,0
6T4Q.pickle,1
2JLW.pickle,0
7SYM.pickle,0
4KR9.pickle,0
6QKL.pickle,0
7EU0.pickle,0
4G6S.pickle,3
6J6N.pickle,0
4WQR.pickle,16
4A3L.pickle,0
3F4H.pickle,0
7EOK.pickle,0
3CCQ.pickle,5
7KJV.pickle,0
7QXA.pickle,0
6SGC.pickle,24
3HHN.pickle,2
5HCR.pickle,8
7QR3.pickle,0
7RYG.pickle,28
8GXC.pickle,2
4OQ9.pickle,0
6VAR.pickle,0
7XTI.pickle,0
1MJI.pickle,0
7A0S.pickle,0
4A3M.pickle,0
1RAW.pickle,0
7NJC.pickle,1
7O9M.pickle,1
2CKY.pickle,0
5NO3.pickle,11
5EF1.pickle,0
7AFN.pickle,11
2RO2.pickle,0
7UZW.pickle,0
4FAU.pickle,0
7ECN.pickle,0
5OC6.pickle,0
6I7V.pickle,35
7OHY.pickle,0
7ZGP.pickle,0
5J8B.pickle,17
6D30.pickle,0
7RYF.pickle,28
7KJW.pickle,0
310D.pickle,12
6ALG.pickle,0
6IV6.pickle,0
7ABZ.pickle,44
5VR4.pickle,4
6TZ2.pickle,0
2LDZ.pickle,0
1I9X.pickle,0
1DK1.pickle,0
7PWF.pickle,15
5LZW.pickle,0
2F4U.pickle,0
7UO5.pickle,0
7JQL.pickle,54
2N6T.pickle,0
5NO4.pickle,11
4KZD.pickle,1
1HJI.pickle,0
7SYP.pickle,0
1KQ2.pickle,0
4V5P.pickle,20
6SX2.pickle,0
7WIA.pickle,1
3JD5.pickle,0
6IP6.pickle,0
5ND9.pickle,0
3QJL.pickle,0
6IFN.pickle,0
5JCS.pickle,0
4AS1.pickle,1
7Q08.pickle,2
5NGM.pickle,0
1A4T.pickle,0
4LVW.pickle,0
5YTS.pickle,0
1H4Q.pickle,2
7UBN.pickle,0
6UFK.pickle,2
4M2Z.pickle,0
379D.pickle,0
4RWO.pickle,0
3AVW.pickle,0
3J6B.pickle,0
6M7K.pickle,0
4V42.pickle,34
4KJI.pickle,0
1HC8.pickle,2
6N6C.pickle,0
3CW5.pickle,5
3IYR.pickle,0
6XN5.pickle,0
1YZD.pickle,3
1F9L.pickle,0
2VOP.pickle,0
5Y85.pickle,0
2VUQ.pickle,0
6RR7.pickle,1
6O6X.pickle,0
3PO2.pickle,0
4P5J.pickle,1
6O6C.pickle,0
6BM4.pickle,0
1EXD.pickle,0
8APN.pickle,0
7AE1.pickle,0
7NI0.pickle,0
1Q86.pickle,0
6UGI.pickle,0
2E2I.pickle,0
2UXC.pickle,0
6N6K.pickle,0
7PAU.pickle,0
5I8Q.pickle,0
5AXN.pickle,1
7P6Z.pickle,0
3G0H.pickle,0
7LJ3.pickle,0
6M0W.pickle,0
1I5L.pickle,0
3PF5.pickle,0
6XIR.pickle,0
6R86.pickle,0
7OZZ.pickle,0
7ELS.pickle,0
5LR4.pickle,8
1RGO.pickle,0
1JBS.pickle,24
2G1W.pickle,0
7SYG.pickle,0
5FLX.pickle,0
3HJF.pickle,0
3RTJ.pickle,0
1JGQ.pickle,34
6RFL.pickle,0
472D.pickle,0
5O20.pickle,0
7BPV.pickle,0
7WII.pickle,1
4JI1.pickle,14
1QC0.pickle,0
2KVN.pickle,0
5J4B.pickle,82
8D4B.pickle,0
8D8N.pickle,0
7JJU.pickle,4
4WTJ.pickle,0
8DG7.pickle,0
6PCT.pickle,21
4W5N.pickle,0
5SWE.pickle,0
7PIS.pickle,0
1UUU.pickle,0
4V87.pickle,0
8EHQ.pickle,0
3J81.pickle,0
7VYX.pickle,0
6DLQ.pickle,2
7OF7.pickle,3
4GKK.pickle,2
2TMV.pickle,0
4V6I.pickle,0
7BDV.pickle,0
2HOM.pickle,0
1HHX.pickle,0
5D8H.pickle,0
2I7E.pickle,0
6GC8.pickle,0
2E2J.pickle,0
5LZS.pickle,0
1YIJ.pickle,5
5XH7.pickle,0
4U53.pickle,0
5FK2.pickle,0
1XSU.pickle,0
3CC7.pickle,5
5V6X.pickle,0
2M57.pickle,0
4NMG.pickle,1
4RMO.pickle,8
5M0H.pickle,0
2F4S.pickle,0
6XL1.pickle,0
1F7V.pickle,13
7NK2.pickle,0
3EPH.pickle,0
1L3Z.pickle,0
6BOK.pickle,62
6TYF.pickle,0
5KH8.pickle,0
7N2C.pickle,50
2MVY.pickle,0
1F1T.pickle,5
7OPC.pickle,0
3HM9.pickle,0
1HNX.pickle,0
2DET.pickle,0
4Z7L.pickle,0
2IZM.pickle,0
1TLR.pickle,0
7ZQ6.pickle,0
4U4O.pickle,0
3T3O.pickle,4
5DGV.pickle,6
2ZXU.pickle,0
2ADB.pickle,0
6ZQ9.pickle,0
1MWL.pickle,0
2QKB.pickle,1
1S34.pickle,0
3B91.pickle,2
7S02.pickle,0
2JYM.pickle,0
6DPD.pickle,0
7UZZ.pickle,0
3J0L.pickle,0
1YKQ.pickle,0
5ELT.pickle,0
6LQP.pickle,0
6XZA.pickle,39
1JOX.pickle,0
4NXH.pickle,1
5ED1.pickle,1
2NPZ.pickle,0
6LAS.pickle,0
5DE8.pickle,0
2G8K.pickle,0
6T0V.pickle,1
2LI8.pickle,0
7QQU.pickle,0
7OEA.pickle,0
2XSL.pickle,0
4V7F.pickle,0
5VZJ.pickle,0
5ND8.pickle,0
5M5Y.pickle,0
1FKA.pickle,0
4R0D.pickle,0
6TFE.pickle,0
6XUR.pickle,1
8EEY.pickle,0
4V4Z.pickle,0
8DRH.pickle,0
5BYM.pickle,0
6GZR.pickle,0
1DUL.pickle,1
2FTC.pickle,0
1FCW.pickle,70
3ND4.pickle,0
5DER.pickle,4
5LZT.pickle,0
7M3V.pickle,0
7PZY.pickle,2
5JPQ.pickle,0
7OHW.pickle,0
3SKR.pickle,4
7RDY.pickle,0
4RQF.pickle,0
6VYX.pickle,0
2Z9Q.pickle,14
7K9E.pickle,2
6ZON.pickle,0
6TQB.pickle,0
6GC6.pickle,0
2RDO.pickle,0
7ORK.pickle,1
3E5E.pickle,1
7ASN.pickle,3
4V6Y.pickle,11
2OJ8.pickle,0
7A09.pickle,0
2M1V.pickle,0
7PAR.pickle,0
6FTG.pickle,0
2YU9.pickle,0
8ETC.pickle,0
5FK6.pickle,0
7NIK.pickle,0
5ZQ8.pickle,2
4V5E.pickle,0
4V71.pickle,11
6B46.pickle,0
5KTJ.pickle,2
6AEB.pickle,0
1G1X.pickle,0
2R20.pickle,2
5CZZ.pickle,0
7K53.pickle,0
5YTX.pickle,0
2JXV.pickle,0
6IFL.pickle,0
4PY5.pickle,0
5V7C.pickle,0
5C7W.pickle,2
6CFL.pickle,46
5LZE.pickle,43
1TBK.pickle,0
7NK1.pickle,0
5W4K.pickle,81
6HBX.pickle,1
7R6Q.pickle,0
7TJ2.pickle,0
2KPC.pickle,0
4CSF.pickle,0
6G51.pickle,0
6NMD.pickle,0
1F78.pickle,0
3HVR.pickle,0
6HLQ.pickle,0
7QGG.pickle,33
6MSF.pickle,0
2G1G.pickle,1
7TTW.pickle,0
1I9V.pickle,2
3AM1.pickle,0
6VBW.pickle,0
6ASO.pickle,1
1A9L.pickle,0
7ORJ.pickle,1
1M90.pickle,0
5ZSM.pickle,0
6JCX.pickle,0
6PPN.pickle,0
3S14.pickle,0
4UJD.pickle,0
6DPB.pickle,0
2N3R.pickle,0
4OHY.pickle,0
1P9X.pickle,0
2IZ9.pickle,2
6O7H.pickle,0
6KQN.pickle,1
4HOS.pickle,1
6U48.pickle,29
6Z6J.pickle,0
3OK4.pickle,0
6IR9.pickle,0
6JJI.pickle,0
5O2R.pickle,0
6O1L.pickle,0
7T1P.pickle,0
1IE2.pickle,0
7AS8.pickle,0
5AOR.pickle,0
5ONH.pickle,0
1XST.pickle,0
6VZ3.pickle,33
7A1G.pickle,0
6DON.pickle,0
3OXM.pickle,3
2F8T.pickle,0
4DR3.pickle,14
7A01.pickle,0
4V9K.pickle,0
7WU0.pickle,0
7VKL.pickle,0
5D5L.pickle,4
1QWA.pickle,0
6DLR.pickle,1
3DW4.pickle,1
7SYX.pickle,0
7OPD.pickle,0
6WD0.pickle,0
7BAI.pickle,3
7OZS.pickle,0
7W5B.pickle,0
4Y1N.pickle,0
6EVJ.pickle,2
3T3N.pickle,6
1X18.pickle,0
1VQK.pickle,8
7MDZ.pickle,0
3D2V.pickle,0
4NKU.pickle,0
6N2V.pickle,2
6N8H.pickle,0
5WT3.pickle,0
6WAN.pickle,0
1M8X.pickle,0
1LU3.pickle,1
1Z58.pickle,0
5MS0.pickle,0
7K52.pickle,0
1Y6S.pickle,0
1R9S.pickle,0
2JPP.pickle,0
1I96.pickle,0
5JRC.pickle,0
6AI6.pickle,0
2B63.pickle,4
1MJ1.pickle,28
6T0W.pickle,0
7LVA.pickle,0
7OGM.pickle,0
6E8U.pickle,0
7Q0F.pickle,2
1TN1.pickle,14
7RIM.pickle,0
7KJU.pickle,0
2FMT.pickle,10
2V3C.pickle,0
6ORD.pickle,46
1U9S.pickle,0
4V65.pickle,0
1URN.pickle,0
1WVD.pickle,0
8BAO.pickle,0
1VY6.pickle,12
4WC3.pickle,0
2XBM.pickle,2
6J9E.pickle,0
6AEG.pickle,0
4XLN.pickle,0
1N78.pickle,0
1ZHO.pickle,0
1T2R.pickle,0
4WQF.pickle,28
5ZEI.pickle,2
5F8N.pickle,0
3GPQ.pickle,0
1A3M.pickle,0
2G5K.pickle,0
4C40.pickle,0
8EV3.pickle,0
3AF6.pickle,12
4DV1.pickle,14
2D1B.pickle,0
1SLO.pickle,0
6EM5.pickle,0
6XJW.pickle,0
6I84.pickle,0
6WD5.pickle,0
2H0X.pickle,2
6SWC.pickle,48
5N61.pickle,0
4P8Z.pickle,0
1KQS.pickle,0
2O83.pickle,4
7SOU.pickle,0
3BOY.pickle,0
6R5Q.pickle,0
2MQO.pickle,0
4V47.pickle,0
1VY5.pickle,38
6SIC.pickle,0
6JCY.pickle,0
7P0V.pickle,0
1YSV.pickle,0
3SKI.pickle,3
7M5D.pickle,38
7PY8.pickle,0
2LUP.pickle,0
4JI0.pickle,14
4KR6.pickle,0
4AL5.pickle,0
1TFW.pickle,0
4U34.pickle,1
1CWP.pickle,0
6YYT.pickle,0
6XQD.pickle,54
8EOF.pickle,0
7A9O.pickle,0
4MDX.pickle,1
7EI8.pickle,16
5EL4.pickle,19
2IL9.pickle,0
6N8O.pickle,0
2MVS.pickle,2
17RA.pickle,0
6MCC.pickle,1
6C5L.pickle,0
7OHR.pickle,0
4ARI.pickle,1
5A17.pickle,0
4QVC.pickle,0
6WZR.pickle,0
6UV3.pickle,0
1T4X.pickle,0
5TKO.pickle,0
8DH2.pickle,0
255D.pickle,0
4XLR.pickle,0
6IP8.pickle,0
3ZC0.pickle,0
6R7B.pickle,0
6OLE.pickle,34
4U3P.pickle,0
6YST.pickle,41
3FHT.pickle,0
1IKD.pickle,0
7D7W.pickle,0
4ZT9.pickle,0
4JNX.pickle,0
4JIY.pickle,0
7DUL.pickle,14
1HHW.pickle,0
2GCV.pickle,1
7UO9.pickle,1
7NIQ.pickle,0
3OLA.pickle,0
7EL9.pickle,0
3L0U.pickle,0
8E40.pickle,0
3OVS.pickle,0
7ECV.pickle,0
2JLT.pickle,2
5X3Z.pickle,0
1ASY.pickle,16
5UDK.pickle,1
7NUQ.pickle,0
7NHC.pickle,0
1RNA.pickle,0
5LMO.pickle,0
6LAU.pickle,0
7NAU.pickle,11
1GTS.pickle,0
6DP6.pickle,0
7BKP.pickle,0
7XSN.pickle,0
3ZN8.pickle,0
1R3E.pickle,1
4V4J.pickle,11
5NP6.pickle,35
3SUH.pickle,1
7QDY.pickle,0
6Y2L.pickle,0
6C27.pickle,2
6YLH.pickle,0
2ET3.pickle,0
6LQV.pickle,0
6ZYM.pickle,0
4Y1O.pickle,0
6VRC.pickle,0
1IBM.pickle,0
6L1W.pickle,0
7DLZ.pickle,0
7OBR.pickle,0
5ZET.pickle,0
2LBS.pickle,0
2JXS.pickle,0
1Y0Q.pickle,0
6CMN.pickle,0
377D.pickle,4
6OIG.pickle,0
4Z92.pickle,0
4WF1.pickle,0
6CC1.pickle,0
4PMI.pickle,0
2PXK.pickle,0
5B63.pickle,0
2LAR.pickle,0
3WFS.pickle,0
8DK7.pickle,0
4V5M.pickle,0
6RW4.pickle,5
5DAT.pickle,0
5U34.pickle,0
7JHY.pickle,0
7QG8.pickle,0
6U8F.pickle,0
5KPX.pickle,0
6FXC.pickle,0
2L9E.pickle,2
5EL5.pickle,21
7QIZ.pickle,204
3GX7.pickle,0
1A9N.pickle,0
5UYN.pickle,1
2AGN.pickle,0
4V7X.pickle,0
6ZU9.pickle,11
5ZWN.pickle,0
2PCV.pickle,0
1R4H.pickle,0
1P79.pickle,0
1K5I.pickle,0
4FE5.pickle,0
6QCW.pickle,1
3I2S.pickle,1
3T1Y.pickle,3
5B2Q.pickle,1
4TUC.pickle,2
7YN9.pickle,0
5UYM.pickle,0
5GUH.pickle,1
3J77.pickle,0
3I2U.pickle,0
7OF1.pickle,0
4J1G.pickle,0
3JAN.pickle,0
1EHZ.pickle,14
6RID.pickle,0
4WTI.pickle,0
4JI5.pickle,14
7YNC.pickle,0
4M59.pickle,0
1Z7F.pickle,0
2MGZ.pickle,0
2OB7.pickle,0
4H5P.pickle,0
6RI5.pickle,0
7PKS.pickle,0
6Y69.pickle,0
4IOC.pickle,0
5I9H.pickle,0
7CPU.pickle,0
4X64.pickle,18
7DD4.pickle,0
1FEU.pickle,0
4GPX.pickle,0
4U51.pickle,0
7MPN.pickle,0
2MF1.pickle,0
2DU4.pickle,0
2JJA.pickle,8
6PCH.pickle,21
7PIA.pickle,0
5H9E.pickle,1
6YWV.pickle,0
3PU1.pickle,0
3F73.pickle,0
6POM.pickle,0
7Q80.pickle,2
5NRL.pickle,3
2O3W.pickle,0
6GML.pickle,0
5A8L.pickle,0
6GE1.pickle,0
6B0B.pickle,0
6W2S.pickle,0
2MFG.pickle,0
7V2O.pickle,0
6D95.pickle,0
6DOG.pickle,0
6XLJ.pickle,1
7PJU.pickle,45
4X0B.pickle,0
7OIE.pickle,0
6ZW3.pickle,0
8D1V.pickle,0
6TY9.pickle,2
6O1O.pickle,0
6DTA.pickle,0
4X4V.pickle,0
6TFG.pickle,0
7A3Y.pickle,0
6KUV.pickle,0
2XDB.pickle,1
2D6F.pickle,0
5DHC.pickle,16
6SV4.pickle,0
6ZSB.pickle,79
5ZAL.pickle,0
4JZV.pickle,1
3ZJV.pickle,1
2MIY.pickle,0
1H0Q.pickle,9
3B5F.pickle,2
7SLQ.pickle,1
8EOT.pickle,0
488D.pickle,1
6DOE.pickle,0
5VI5.pickle,0
2C4Y.pickle,2
6TNA.pickle,14
6QTZ.pickle,0
4JI3.pickle,14
7V6C.pickle,0
7N2U.pickle,49
3GTJ.pickle,0
4ADX.pickle,0
6LU8.pickle,97
7BOH.pickle,11
7C7A.pickle,0
4LSK.pickle,4
3TRZ.pickle,6
6I0Y.pickle,0
7D0F.pickle,0
2BS0.pickle,0
4CE4.pickle,54
4RWP.pickle,0
5XYI.pickle,0
7VSJ.pickle,0
4V7T.pickle,0
6OSK.pickle,38
4JXZ.pickle,0
2IHX.pickle,0
7BG6.pickle,0
3BO0.pickle,0
1HS3.pickle,0
4V9F.pickle,5
5GMF.pickle,0
7NAR.pickle,11
5F8L.pickle,0
3P4A.pickle,48
4V9J.pickle,0
2QEX.pickle,5
7A9S.pickle,0
7AF8.pickle,11
6GVY.pickle,0
5KQE.pickle,0
7QA2.pickle,0
6JE4.pickle,0
4D5L.pickle,0
6XIJ.pickle,0
3UMY.pickle,0
7EOP.pickle,0
2XDD.pickle,3
6P5I.pickle,0
7OIB.pickle,0
6YEF.pickle,18
6QX9.pickle,38
6ZOL.pickle,0
7EZ2.pickle,1
7A5K.pickle,0
1Y3O.pickle,2
6E9E.pickle,0
5TPY.pickle,0
2PXP.pickle,0
7PTK.pickle,0
1I4C.pickle,0
1AJT.pickle,0
6W64.pickle,0
2M22.pickle,0
7SYQ.pickle,0
3IIN.pickle,2
5NS3.pickle,2
7OLD.pickle,1
6TQO.pickle,0
7A9W.pickle,0
6WDM.pickle,0
8CVL.pickle,86
4AM3.pickle,0
1CVJ.pickle,0
7Q4P.pickle,14
7Q0J.pickle,0
6HLR.pickle,0
6CB3.pickle,0
2O45.pickle,0
4LMZ.pickle,0
3BNN.pickle,0
3KNA.pickle,0
5XXB.pickle,0
6XYW.pickle,0
6XJY.pickle,0
6DOW.pickle,0
1VQ9.pickle,7
5ZSL.pickle,0
6XXB.pickle,0
4G0A.pickle,0
5T8Y.pickle,0
7ABF.pickle,0
6X9Q.pickle,0
2IX1.pickle,0
6J4Z.pickle,0
8DC2.pickle,0
1Q93.pickle,0
7OF6.pickle,3
6CFK.pickle,46
7RQA.pickle,50
7TAW.pickle,0
1I6U.pickle,0
5UH8.pickle,0
3AVV.pickle,0
7EDT.pickle,2
3IY9.pickle,0
2HO6.pickle,1
5ZC9.pickle,0
4V68.pickle,13
3DIM.pickle,1
4GCW.pickle,4
1XNR.pickle,1
7WTV.pickle,1
6A5O.pickle,0
5WE4.pickle,52
6DP4.pickle,0
6BSJ.pickle,1
6HD7.pickle,0
2BS1.pickle,0
6IFR.pickle,0
7OIF.pickle,35
6FHH.pickle,0
3O8R.pickle,1
4WTC.pickle,0
6YWY.pickle,0
5XWG.pickle,1
7WV3.pickle,80
8B0R.pickle,0
6FLP.pickle,0
7OKY.pickle,0
7XD8.pickle,0
5XH6.pickle,0
2HYI.pickle,0
7L0Z.pickle,0
6BQF.pickle,0
6NOA.pickle,0
6TB3.pickle,9
7R97.pickle,0
5E02.pickle,0
3PIP.pickle,0
6YWX.pickle,0
1XWU.pickle,0
5ADY.pickle,0
4RDX.pickle,1
5U0A.pickle,0
2O43.pickle,0
6VWN.pickle,0
6DOX.pickle,0
5AA0.pickle,0
6WPI.pickle,0
5UDJ.pickle,1
7QQQ.pickle,0
5G4T.pickle,0
4V7C.pickle,0
333D.pickle,1
7OT5.pickle,45
2RLU.pickle,0
6HYK.pickle,0
3H5Y.pickle,0
6S8B.pickle,0
7UR5.pickle,0
4V8C.pickle,0
4U38.pickle,0
6LQT.pickle,0
7ORN.pickle,0
6U6J.pickle,10
1RRR.pickle,0
6LQU.pickle,0
5AMR.pickle,0
5UZZ.pickle,0
4PDB.pickle,0
4OAU.pickle,0
6GZX.pickle,0
6YLX.pickle,0
4D61.pickle,0
5T5H.pickle,72
6SWA.pickle,0
7XYA.pickle,0
7RGU.pickle,0
6NM9.pickle,0
2IZN.pickle,0
2HOK.pickle,0
7DOL.pickle,0
7AQC.pickle,0
7PI8.pickle,0
5UJ2.pickle,0
5ZEP.pickle,0
4W2E.pickle,15
1SI3.pickle,0
3J45.pickle,0
5EEV.pickle,0
6TNU.pickle,7
5WNQ.pickle,14
2G8U.pickle,0
6D1V.pickle,1
1KNZ.pickle,0
8DVU.pickle,0
4NFP.pickle,3
7RIX.pickle,0
5KAL.pickle,0
4K31.pickle,0
7OG4.pickle,75
7ZHH.pickle,0
5NZ3.pickle,4
4U3R.pickle,0
7KEF.pickle,0
4WC5.pickle,0
1GTN.pickle,0
7XSP.pickle,0
7NSH.pickle,0
6N6E.pickle,0
6WD3.pickle,0
4V9C.pickle,0
4ILL.pickle,0
6Y0T.pickle,0
7Q0K.pickle,0
7JU1.pickle,0
6QW6.pickle,1
7M3T.pickle,0
2OEU.pickle,4
6GXP.pickle,0
4ERL.pickle,0
4V8N.pickle,4
2OE6.pickle,0
2IY3.pickle,0
7P9I.pickle,2
7BOI.pickle,11
5APN.pickle,139
6IJ2.pickle,0
1J5E.pickle,0
4X4S.pickle,0
7ELQ.pickle,0
4V6T.pickle,3
8HJ4.pickle,0
4OAV.pickle,6
6AH3.pickle,0
4WTM.pickle,0
2A64.pickle,0
6SCF.pickle,0
3Q0Q.pickle,0
2ESE.pickle,0
4WCE.pickle,0
7EOJ.pickle,1
6LSR.pickle,99
2A9L.pickle,0
4V4S.pickle,3
4OE1.pickle,0
6T0N.pickle,0
6DVB.pickle,0
2FCX.pickle,2
3EX7.pickle,0
6SCE.pickle,0
1S76.pickle,0
4F02.pickle,0
3T1H.pickle,3
4X0A.pickle,0
7T1N.pickle,0
6W5C.pickle,0
2KXN.pickle,0
7Y80.pickle,0
6AAY.pickle,0
7KA0.pickle,0
6L74.pickle,1
2HOJ.pickle,1
6PQ7.pickle,0
3ZD4.pickle,3
3V71.pickle,0
6XZG.pickle,0
2ASB.pickle,0
3TZR.pickle,0
6BZ8.pickle,0
4DZS.pickle,0
3SNP.pickle,0
6KC8.pickle,0
2OJ7.pickle,0
6FUW.pickle,0
3Q51.pickle,0
6DOZ.pickle,0
4UER.pickle,14
1NJM.pickle,1
4BY1.pickle,0
4V66.pickle,0
6M0V.pickle,0
1C0A.pickle,9
5HKC.pickle,1
6WUB.pickle,0
4RUM.pickle,1
6IV9.pickle,0
6GWT.pickle,0
7TZR.pickle,4
5XUU.pickle,0
2PXQ.pickle,0
4RGF.pickle,3
6ZOJ.pickle,0
6ZSA.pickle,165
6ID1.pickle,0
6H25.pickle,0
6YBV.pickle,0
4V4G.pickle,0
6GD2.pickle,0
6QCS.pickle,1
1ME1.pickle,4
1EJZ.pickle,0
1WWD.pickle,0
7ZPL.pickle,0
3IEV.pickle,0
5JBH.pickle,3
5V7Q.pickle,0
3EPL.pickle,1
5BR8.pickle,14
2J0S.pickle,0
6HXX.pickle,0
7SYR.pickle,0
6PVK.pickle,0
3AVU.pickle,0
5B2O.pickle,1
409D.pickle,6
6N5S.pickle,1
1O3Z.pickle,0
3J7P.pickle,0
4V61.pickle,0
4WF9.pickle,0
4FWT.pickle,0
7JJF.pickle,2
4V6A.pickle,0
6LKQ.pickle,0
8AMI.pickle,0
1Y95.pickle,0
2ET5.pickle,0
2FK6.pickle,0
4V6L.pickle,55
6SWD.pickle,32
7UO7.pickle,0
3GTQ.pickle,0
2A43.pickle,0
5W5I.pickle,2
5J1O.pickle,0
4WTE.pickle,0
6OT3.pickle,38
6MDZ.pickle,0
6RBE.pickle,0
4B3P.pickle,2
5MDY.pickle,40
5JB3.pickle,4
6Q8V.pickle,1
4ED5.pickle,0
5O3J.pickle,0
1PJY.pickle,0
6E8T.pickle,0
1Q75.pickle,0
7EQJ.pickle,0
7OQE.pickle,55
6XLX.pickle,2
2PJP.pickle,0
4V9Q.pickle,0
5TC1.pickle,0
6DP2.pickle,0
7PJZ.pickle,45
3B0U.pickle,2
2FY1.pickle,0
3Q50.pickle,0
1DRR.pickle,0
5V3F.pickle,0
5BZ5.pickle,0
7AOH.pickle,0
6AR1.pickle,0
5LTA.pickle,0
5W5H.pickle,2
5MWI.pickle,0
7UND.pickle,0
7M5O.pickle,0
4IQX.pickle,0
6VA3.pickle,0
3MUR.pickle,1
4V8Y.pickle,14
2OIY.pickle,0
4N48.pickle,0
6QYZ.pickle,0
7D58.pickle,0
5LYU.pickle,2
6PPK.pickle,0
4WTG.pickle,0
6VZ2.pickle,0
2AZX.pickle,0
6NMA.pickle,0
4YVI.pickle,0
6ENJ.pickle,0
2XO0.pickle,0
6BJX.pickle,0
6WLU.pickle,0
7EQG.pickle,0
4V85.pickle,0
4P95.pickle,0
6CZR.pickle,46
1ESY.pickle,0
2K96.pickle,0
4Y52.pickle,0
2UU9.pickle,2
6LSF.pickle,0
7KL3.pickle,0
4C4Q.pickle,0
7NKI.pickle,0
2A1R.pickle,0
2F4V.pickle,0
3ZGZ.pickle,0
5CD1.pickle,0
7C2K.pickle,1
5ZSD.pickle,0
6ERI.pickle,0
4WRT.pickle,0
7QJH.pickle,0
6D12.pickle,0
8DFV.pickle,0
6IP5.pickle,0
5ELK.pickle,0
1ZL3.pickle,1
2N6X.pickle,0
6IFO.pickle,0
5C3E.pickle,0
7Z20.pickle,0
3JXR.pickle,3
7PAK.pickle,0
4RCJ.pickle,1
4QK9.pickle,2
3RC8.pickle,0
7XSS.pickle,0
1GTF.pickle,0
4V8T.pickle,0
7BL2.pickle,0
5JU8.pickle,16
1FMN.pickle,0
5J30.pickle,46
8GS2.pickle,0
5XC6.pickle,0
5EME.pickle,0
6ZRL.pickle,0
5UQ7.pickle,23
2LUB.pickle,0
4LCK.pickle,0
6ID0.pickle,0
5K78.pickle,0
2I82.pickle,4
6WDL.pickle,0
5GAF.pickle,0
1BMV.pickle,0
3OXB.pickle,3
7OJK.pickle,0
4X4R.pickle,0
4BWM.pickle,0
7UJ1.pickle,0
8AMN.pickle,0
6FQR.pickle,0
4C9D.pickle,2
6EM4.pickle,0
6LU0.pickle,0
3AVY.pickle,0
4L8H.pickle,0
4Y91.pickle,0
1F7G.pickle,0
7TRA.pickle,0
7QH6.pickle,0
4P6F.pickle,0
7PJW.pickle,45
7Q7Z.pickle,2
6OJ2.pickle,0
5EF3.pickle,0
6GQ1.pickle,0
1K01.pickle,0
1QD7.pickle,359
4MS9.pickle,0
7V9A.pickle,0
1M1K.pickle,0
7ELA.pickle,0
2VAZ.pickle,0
3DG4.pickle,0
6CAP.pickle,14
6B48.pickle,0
3CC2.pickle,5
2JA7.pickle,0
6JXM.pickle,0
7CGI.pickle,0
6SAE.pickle,0
7F3L.pickle,1
3IZY.pickle,0
5KCS.pickle,41
6WLJ.pickle,0
6OMV.pickle,0
7M57.pickle,0
4B3R.pickle,0
5JUT.pickle,0
1SZ1.pickle,28
5AJ3.pickle,141
1F5U.pickle,0
1ZDI.pickle,0
3JCM.pickle,0
1ZFV.pickle,0
7OHP.pickle,0
6WDE.pickle,0
4P43.pickle,0
5V17.pickle,0
2KY1.pickle,0
7V06.pickle,0
8H0S.pickle,0
6NQB.pickle,0
7LYS.pickle,0
5LMV.pickle,5
7MKY.pickle,0
5O58.pickle,0
7OKX.pickle,0
1G2E.pickle,0
7OS0.pickle,0
2QKK.pickle,0
6ENF.pickle,0
4UYK.pickle,1
5H1L.pickle,0
7QR4.pickle,0
6WDD.pickle,0
6BJH.pickle,0
7X8A.pickle,0
2ERR.pickle,0
5HSW.pickle,0
7PTL.pickle,0
7V93.pickle,0
6I1K.pickle,0
4YHH.pickle,0
2JWV.pickle,0
7NAV.pickle,11
462D.pickle,0
4YAZ.pickle,2
5O1Z.pickle,0
1RXA.pickle,0
2WWA.pickle,0
6XQE.pickle,54
8DMB.pickle,0
6DU4.pickle,0
6HMO.pickle,2
1XMQ.pickle,1
7Z52.pickle,0
7V02.pickle,0
1N33.pickle,1
8DH0.pickle,0
3A2K.pickle,0
3CCL.pickle,5
2H0S.pickle,1
2L8U.pickle,0
3OXD.pickle,3
6G5H.pickle,0
4P3E.pickle,0
3EQ3.pickle,0
6LQS.pickle,0
6WNT.pickle,0
1F5H.pickle,0
3JBU.pickle,0
6K4P.pickle,0
3TD0.pickle,2
6VVJ.pickle,1
4XWF.pickle,0
7PIR.pickle,0
3I5Y.pickle,1
7MSM.pickle,9
6XU6.pickle,0
2MS0.pickle,0
5LZD.pickle,43
2ZH5.pickle,0
1Y69.pickle,0
5K8H.pickle,0
1F7H.pickle,0
2R7Z.pickle,0
7Z34.pickle,0
6GC5.pickle,0
4NH6.pickle,0
7Z1N.pickle,0
3S7C.pickle,1
7R81.pickle,0
4CIO.pickle,0
6BY4.pickle,0
7FJI.pickle,0
1N32.pickle,1
6K0B.pickle,0
7PHC.pickle,0
7QV3.pickle,0
6G18.pickle,0
6YMW.pickle,1
7KUC.pickle,0
3OX0.pickle,3
2KRY.pickle,2
1MMS.pickle,0
5NDV.pickle,0
6LAX.pickle,0
6J4Y.pickle,0
2XB2.pickle,0
6R5K.pickle,0
6WAZ.pickle,0
4V7Z.pickle,0
1HS4.pickle,0
6DP9.pickle,0
1KOD.pickle,0
7WL0.pickle,5
2BE0.pickle,0
6C8E.pickle,8
7PNY.pickle,5
1QZW.pickle,8
7N3O.pickle,0
6P7P.pickle,0
7OII.pickle,45
1YNC.pickle,0
1P5P.pickle,0
1J1U.pickle,0
1ZO3.pickle,0
3ZJT.pickle,1
4F8V.pickle,0
5EAQ.pickle,1
6C8K.pickle,8
5A79.pickle,0
7S7C.pickle,0
2BNY.pickle,0
4JV5.pickle,2
6QIR.pickle,0
4WZJ.pickle,0
7N0C.pickle,0
7O7Z.pickle,299
3MJA.pickle,0
4TZ6.pickle,0
6N5O.pickle,1
1VQM.pickle,8
4E59.pickle,0
6OD9.pickle,0
4GV3.pickle,1
28SP.pickle,0
7ZPK.pickle,0
1RFR.pickle,0
7RZZ.pickle,0
3J7Y.pickle,0
7MLB.pickle,0
3RG5.pickle,0
7QQR.pickle,0
2ZH9.pickle,0
4V7Y.pickle,0
1JP0.pickle,0
3JCD.pickle,0
4GMA.pickle,0
6OWL.pickle,5
4P70.pickle,2
7ZEX.pickle,0
5WS2.pickle,0
4A3C.pickle,0
6PMI.pickle,1
1BIV.pickle,0
3D2G.pickle,0
6D8O.pickle,0
5KPS.pickle,0
5KRG.pickle,16
2XLK.pickle,2
6DPP.pickle,0
6N6A.pickle,0
3M4O.pickle,0
6YBW.pickle,28
7Z26.pickle,2
4YLO.pickle,3
6NUO.pickle,2
4V67.pickle,0
2ZJP.pickle,0
3DHS.pickle,0
7W0D.pickle,0
5MDV.pickle,40
6FF7.pickle,0
1Z30.pickle,0
7ODR.pickle,31
6E9F.pickle,0
5CCB.pickle,0
1T1M.pickle,0
6B14.pickle,0
5CNR.pickle,0
7XLT.pickle,0
5ZWO.pickle,0
4B3Q.pickle,1
6WD1.pickle,0
6WD7.pickle,0
8GWO.pickle,0
5Y36.pickle,0
4V4W.pickle,0
7MQG.pickle,0
1EKD.pickle,0
6R9M.pickle,0
7TNX.pickle,1
3HGA.pickle,1
6CK4.pickle,0
5I2D.pickle,0
7QQX.pickle,0
4D5N.pickle,0
7A9R.pickle,0
2L8F.pickle,0
4V5J.pickle,8
7U2A.pickle,0
5O6U.pickle,0
1FOQ.pickle,0
6AHU.pickle,0
7UOB.pickle,0
8ESR.pickle,0
5I9F.pickle,0
6BJV.pickle,0
3D2X.pickle,0
3SN2.pickle,0
6H66.pickle,0
4WT8.pickle,0
4NYG.pickle,1
5U4I.pickle,27
5X70.pickle,0
4Z0C.pickle,0
6ZXZ.pickle,3
7DN3.pickle,0
6TQA.pickle,4
364D.pickle,1
5D0B.pickle,1
6P4H.pickle,0
4JNG.pickle,0
5ZX2.pickle,0
2N8M.pickle,0
1JZV.pickle,4
5IT9.pickle,0
6UQ1.pickle,0
2LK3.pickle,0
7SC6.pickle,0
6GZ5.pickle,0
1JZY.pickle,0
6KON.pickle,0
4S2Y.pickle,1
4LF9.pickle,14
5XON.pickle,0
6CC3.pickle,0
7VBB.pickle,0
5BJP.pickle,0
1Z43.pickle,0
6N9E.pickle,56
6IFY.pickle,0
5KI6.pickle,1
7RQ9.pickle,88
7N1P.pickle,50
7MW8.pickle,0
8ETI.pickle,0
5JC7.pickle,0
5M3F.pickle,0
483D.pickle,0
6ZQA.pickle,0
2MF0.pickle,0
6XLM.pickle,0
2GIP.pickle,0
4R8I.pickle,40
5DH8.pickle,0
5VH7.pickle,0
1EKA.pickle,0
4V1M.pickle,0
1IE1.pickle,0
7SS9.pickle,0
3PU0.pickle,0
7NHA.pickle,0
7ACS.pickle,0
2ZUF.pickle,0
7V9E.pickle,1
7JQM.pickle,54
6W77.pickle,0
6X43.pickle,0
4V6U.pickle,0
5V3I.pickle,0
6CAE.pickle,78
6ZR1.pickle,0
2E5L.pickle,0
5FJ4.pickle,0
1YRJ.pickle,0
4V8H.pickle,0
2KE6.pickle,0
1TXS.pickle,0
5DCV.pickle,2
7NHK.pickle,7
7QE0.pickle,0
7Q4O.pickle,11
3CCS.pickle,5
7QDE.pickle,0
5I9D.pickle,0
5Y88.pickle,10
5NOM.pickle,1
5M73.pickle,2
7V2P.pickle,0
4W4G.pickle,2
6DMV.pickle,0
6ZM2.pickle,0
5WWF.pickle,0
6LDI.pickle,0
1FEQ.pickle,1
2R22.pickle,0
1QBP.pickle,12
1F79.pickle,0
2HW8.pickle,0
2YIE.pickle,2
6KLH.pickle,0
4V70.pickle,11
6YSU.pickle,41
7MK9.pickle,0
6DB8.pickle,0
7O1A.pickle,37
4XCO.pickle,0
7CGF.pickle,0
6GAZ.pickle,0
3P59.pickle,4
4V6F.pickle,6
471D.pickle,24
1JZX.pickle,0
3NNC.pickle,0
2IRN.pickle,0
7KAB.pickle,0
2JA8.pickle,0
6ZX8.pickle,0
4WAL.pickle,0
3J7R.pickle,0
6VYU.pickle,0
5G2X.pickle,0
6UU5.pickle,0
6O0X.pickle,0
3DW5.pickle,1
1AV6.pickle,0
2DER.pickle,0
6WRU.pickle,0
361D.pickle,0
1WNE.pickle,0
5CCX.pickle,1
3GX6.pickle,0
7UWS.pickle,0
7D5T.pickle,0
2XNR.pickle,0
5XUS.pickle,0
3KMS.pickle,0
4YVK.pickle,0
5IYD.pickle,0
6XLW.pickle,2
6OXI.pickle,4
4G7O.pickle,0
5WE6.pickle,52
7NIL.pickle,0
2BU1.pickle,2
4YCP.pickle,0
4XW1.pickle,1
8ESQ.pickle,0
4V6G.pickle,0
5ELH.pickle,0
2PXU.pickle,0
5LL6.pickle,0
5U0Q.pickle,0
5ZW4.pickle,0
5WZG.pickle,0
6WB2.pickle,0
1U2A.pickle,0
4M6D.pickle,0
2MN0.pickle,1
1PBM.pickle,0
4JRD.pickle,0
2KXZ.pickle,0
1H3E.pickle,4
6BY1.pickle,0
4Y1J.pickle,0
7JT3.pickle,0
6RH3.pickle,1
1YN2.pickle,0
6UEJ.pickle,0
1Q96.pickle,0
3S8U.pickle,1
7W5A.pickle,0
8ETG.pickle,0
5BTE.pickle,4
4V7I.pickle,0
4X66.pickle,18
4IQS.pickle,6
4V6Z.pickle,11
4V2S.pickle,0
4C8Z.pickle,1
6YXY.pickle,18
7OF2.pickle,3
7L3R.pickle,1
8E3F.pickle,0
6R7Q.pickle,0
2QA4.pickle,4
4V7U.pickle,0
6LAZ.pickle,2
7S1I.pickle,24
6D9L.pickle,0
3FOZ.pickle,0
7OOD.pickle,0
8ETJ.pickle,0
5WTK.pickle,0
6OY5.pickle,1
2M23.pickle,0
6XLV.pickle,2
4XW7.pickle,0
6VMY.pickle,1
5MC6.pickle,0
7WAH.pickle,0
5HJZ.pickle,1
1JWC.pickle,0
5FKD.pickle,0
1B7F.pickle,0
7MKA.pickle,0
6ZMI.pickle,0
7Z4H.pickle,0
1VY7.pickle,26
1L8V.pickle,0
6G53.pickle,0
1EG0.pickle,38
2B6G.pickle,0
4X4U.pickle,0
4NYA.pickle,4
6GMY.pickle,0
7SUK.pickle,0
7ODF.pickle,0
2KEZ.pickle,0
3MDG.pickle,0
5C4A.pickle,0
6BUW.pickle,0
7B0Y.pickle,0
7K9M.pickle,0
4V5V.pickle,0
2DEU.pickle,0
2XO1.pickle,0
8EA4.pickle,0
4WC4.pickle,0
6Z1P.pickle,0
6XAV.pickle,0
4UYJ.pickle,2
6YLB.pickle,6
7CPJ.pickle,36
1C4L.pickle,0
2N4L.pickle,0
421D.pickle,0
5MDW.pickle,40
6GFW.pickle,0
6O75.pickle,2
3CIY.pickle,0
3ERC.pickle,11
4OOG.pickle,0
6QZP.pickle,111
2ATW.pickle,0
4K4U.pickle,0
3OIJ.pickle,0
3F4G.pickle,0
1VY4.pickle,40
7D7V.pickle,0
7YNA.pickle,0
6V4X.pickle,0
5F8I.pickle,0
3CCE.pickle,5
6NUT.pickle,0
7EDL.pickle,0
1ROQ.pickle,0
7KUN.pickle,10
6DNC.pickle,0
5U31.pickle,0
1R2P.pickle,0
1XV0.pickle,1
2TPK.pickle,0
4E8T.pickle,0
4LF5.pickle,12
7YP9.pickle,0
2JRG.pickle,2
1R3X.pickle,0
7KUO.pickle,10
5IT8.pickle,68
2BJ2.pickle,0
7ZPI.pickle,0
5H1S.pickle,0
1HLX.pickle,0
1J6S.pickle,4
4NHA.pickle,0
6E7L.pickle,0
7OLC.pickle,2
6EM1.pickle,0
7SYL.pickle,0
1I9F.pickle,0
6PC5.pickle,21
7UU4.pickle,0
1DDY.pickle,0
1QCU.pickle,0
4V8G.pickle,0
7XSL.pickle,0
2YIF.pickle,2
5UZ9.pickle,0
4X65.pickle,18
4DR4.pickle,14
4KNQ.pickle,0
7R6N.pickle,0
6WD6.pickle,0
2PPB.pickle,0
2JYJ.pickle,0
2ZH2.pickle,0
7JQQ.pickle,0
3B5A.pickle,2
7W9S.pickle,0
7EOG.pickle,0
7OOO.pickle,0
4L8R.pickle,0
3P22.pickle,4
6WDG.pickle,0
7A5H.pickle,0
6VA1.pickle,0
6WUA.pickle,0
7R6M.pickle,0
4XNR.pickle,0
7ZKI.pickle,5
5W0O.pickle,0
4B8T.pickle,0
1K8W.pickle,1
2H1M.pickle,2
2QUW.pickle,4
6Y0Y.pickle,0
7JYY.pickle,2
4WZQ.pickle,0
7O9K.pickle,1
1NJN.pickle,0
7PNV.pickle,4
5O69.pickle,4
2VRT.pickle,0
8ASW.pickle,0
3I61.pickle,0
5FW1.pickle,0
5MFX.pickle,0
2O5J.pickle,0
1UON.pickle,0
5M64.pickle,0
2KBP.pickle,0
7PTQ.pickle,0
3UCZ.pickle,1
2NOQ.pickle,0
5HBY.pickle,4
3IWN.pickle,0
4PUO.pickle,0
7UNR.pickle,26
3DJ0.pickle,1
7ACJ.pickle,36
6TH6.pickle,81
3F2W.pickle,2
5WLC.pickle,0
3IRW.pickle,1
7TQV.pickle,0
2L8H.pickle,0
6SPC.pickle,0
6P4G.pickle,0
7OOB.pickle,0
7ASA.pickle,0
7WTS.pickle,0
5Z4A.pickle,0
1DZ5.pickle,0
6OZP.pickle,0
6ZM6.pickle,0
6OJ6.pickle,0
6E82.pickle,0
6R6P.pickle,0
6QCX.pickle,1
6C66.pickle,0
6UES.pickle,0
2NQP.pickle,0
5UMD.pickle,0
6NY3.pickle,0
7SBA.pickle,0
7DCO.pickle,56
6O7I.pickle,0
7RIY.pickle,0
7KKV.pickle,1
6TED.pickle,0
4V5O.pickle,0
5WWT.pickle,0
8EJ3.pickle,0
7OI0.pickle,0
4HOR.pickle,1
1RHT.pickle,0
4V9P.pickle,0
6CY2.pickle,4
1Z2J.pickle,0
5GAP.pickle,0
6W6K.pickle,0
6SPG.pickle,0
7B3B.pickle,1
1YMO.pickle,0
7V94.pickle,0
1L3D.pickle,1
2EC0.pickle,0
6WYB.pickle,0
7S1J.pickle,24
7OYD.pickle,134
7OW7.pickle,117
4YLP.pickle,3
1Z79.pickle,3
4BY9.pickle,0
2KM8.pickle,0
7Y7T.pickle,0
7SSO.pickle,0
7WTZ.pickle,0
3CCJ.pickle,5
7WAY.pickle,0
7OM6.pickle,0
2C50.pickle,0
5WYJ.pickle,0
4B3G.pickle,0
353D.pickle,0
4V6P.pickle,49
4A4S.pickle,0
6DTD.pickle,0
7RQE.pickle,48
1VQ6.pickle,10
6KOP.pickle,0
7VA6.pickle,0
4M7A.pickle,0
7OH3.pickle,0
5ON2.pickle,0
2DU6.pickle,0
1AJF.pickle,0
7KED.pickle,0
4V53.pickle,0
7OYB.pickle,0
5MSG.pickle,1
4YHW.pickle,0
7UO2.pickle,0
1FJG.pickle,0
2P7E.pickle,1
6ZS9.pickle,0
3F30.pickle,2
1XP7.pickle,0
2QBZ.pickle,0
2N2P.pickle,0
6HC5.pickle,1
1QWB.pickle,0
6WLM.pickle,0
5WFS.pickle,52
2O33.pickle,0
7SLP.pickle,1
6TB7.pickle,0
7CGK.pickle,0
4V5C.pickle,6
3ULD.pickle,0
4U4R.pickle,0
3QRR.pickle,1
7W0F.pickle,0
5BZ1.pickle,0
8H0V.pickle,0
4E8R.pickle,0
1LS2.pickle,0
6HTU.pickle,0
7OQC.pickle,53
4YZV.pickle,8
4V91.pickle,0
3FTM.pickle,0
3CCR.pickle,5
2NC0.pickle,0
5WWG.pickle,0
2XS7.pickle,0
3DD2.pickle,11
3J9M.pickle,0
3JQ4.pickle,0
4LNT.pickle,4
4TYY.pickle,0
2D19.pickle,0
4E6B.pickle,0
5NRG.pickle,0
3HOW.pickle,0
6ZSC.pickle,76
2X7N.pickle,0
6E1T.pickle,3
1YNE.pickle,0
7OEB.pickle,0
3QG9.pickle,0
7K55.pickle,0
422D.pickle,0
7PIT.pickle,0
5WIT.pickle,84
6Y0G.pickle,0
6PMO.pickle,0
7NHL.pickle,6
7JL2.pickle,0
1MNX.pickle,0
1NB7.pickle,0
2RS2.pickle,0
4U67.pickle,0
7OI9.pickle,0
4V5N.pickle,0
7DWH.pickle,0
6A4E.pickle,0
4JVH.pickle,0
1H38.pickle,0
3BSB.pickle,0
6L0Y.pickle,0
1XOK.pickle,0
3ZP8.pickle,3
6LQR.pickle,0
5J88.pickle,68
7OHS.pickle,0
5WWW.pickle,0
5EF2.pickle,0
7R72.pickle,0
5HAU.pickle,8
4FNJ.pickle,0
1HNZ.pickle,0
7NHN.pickle,6
4L71.pickle,4
6T59.pickle,0
4IFD.pickle,0
1QD3.pickle,0
6UBU.pickle,0
4V1O.pickle,0
3DG5.pickle,0
6YHS.pickle,8
3AMT.pickle,0
3K5Z.pickle,0
8AMG.pickle,0
6VZ7.pickle,22
4PQU.pickle,0
7KJX.pickle,0
4A2I.pickle,0
7B9V.pickle,0
3PTX.pickle,0
3OL8.pickle,0
6MCE.pickle,0
7DMQ.pickle,0
5U3G.pickle,1
1FFK.pickle,0
5WWE.pickle,0
4ENB.pickle,1
1N34.pickle,0
7MQA.pickle,66
3MIJ.pickle,0
3JB7.pickle,0
3PHP.pickle,0
6M6V.pickle,0
7RE3.pickle,0
7Y7P.pickle,0
3HTX.pickle,0
5M0J.pickle,0
1K8S.pickle,0
7AAV.pickle,0
6FYX.pickle,23
5ML7.pickle,0
5Z1H.pickle,0
7RR5.pickle,0
7L1F.pickle,4
6T7I.pickle,1
4WFM.pickle,4
6PIF.pickle,0
6FAI.pickle,0
2J0Q.pickle,0
1F7Y.pickle,0
7PAM.pickle,0
6DMN.pickle,0
5V16.pickle,0
1KIS.pickle,0
2N8L.pickle,0
4WQS.pickle,0
5JBJ.pickle,0
4PQV.pickle,0
4V5H.pickle,1
5YYN.pickle,0
4WTF.pickle,0
7NWG.pickle,0
6LNB.pickle,0
1H4S.pickle,2
5FJC.pickle,1
5XTM.pickle,2
5G4U.pickle,0
7Z4L.pickle,0
5TDK.pickle,0
7WVE.pickle,46
7OYC.pickle,0
6S0K.pickle,0
6J6H.pickle,0
6F5O.pickle,0
3DVZ.pickle,0
5KL8.pickle,0
6SQN.pickle,0
4PEI.pickle,5
7P7T.pickle,5
3EQT.pickle,0
1AQ3.pickle,0
6HU6.pickle,0
5DDP.pickle,0
6GC4.pickle,0
6GC0.pickle,0
4GV6.pickle,1
7UY5.pickle,0
4MEH.pickle,1
1DRZ.pickle,0
2ANR.pickle,1
7K16.pickle,1
4WKJ.pickle,0
2W2H.pickle,0
4V77.pickle,11
6CBD.pickle,0
7OOP.pickle,0
6E81.pickle,0
2E9T.pickle,2
6URO.pickle,0
7CGM.pickle,0
6XJZ.pickle,0
7WNU.pickle,0
7AFA.pickle,11
5GXH.pickle,0
6RIP.pickle,0
5UYK.pickle,0
7NBL.pickle,0
6WLT.pickle,0
2RVO.pickle,0
6O8Y.pickle,0
4V92.pickle,0
2N6W.pickle,0
7NUN.pickle,0
7QP7.pickle,26
4C8Y.pickle,1
6Q1H.pickle,0
6HBT.pickle,1
4YBB.pickle,68
6GTD.pickle,0
7AP8.pickle,0
6SDY.pickle,0
6YYM.pickle,0
5NDH.pickle,4
3SUX.pickle,1
5AWH.pickle,0
7A9X.pickle,0
6KUP.pickle,0
1J7T.pickle,0
7SOW.pickle,0
3WZI.pickle,0
2KYE.pickle,4
6UU3.pickle,2
7MD7.pickle,46
7VG2.pickle,0
6JBG.pickle,0
7OPE.pickle,0
7JQB.pickle,0
2MTV.pickle,1
7MLW.pickle,0
2R7R.pickle,0
8E0F.pickle,1
2GCS.pickle,2
1WRQ.pickle,0
2EEV.pickle,0
8EUY.pickle,0
3DIZ.pickle,1
7R9G.pickle,0
5HO4.pickle,0
3GTG.pickle,0
7MKN.pickle,0
5XBL.pickle,0
6NF8.pickle,0
1Y6T.pickle,0
6S05.pickle,0
1MFQ.pickle,1
5B2T.pickle,0
5JXS.pickle,0
1L9A.pickle,1
3Q0L.pickle,0
5AY4.pickle,2
6DT8.pickle,0
7EFG.pickle,0
5LQT.pickle,4
5DH7.pickle,1
4LFZ.pickle,4
7XPL.pickle,0
2L5D.pickle,0
429D.pickle,0
1AC3.pickle,0
6WD2.pickle,0
1Y77.pickle,0
4V5Z.pickle,0
2DQP.pickle,0
6XXA.pickle,0
1OSW.pickle,0
7VFT.pickle,0
5AOX.pickle,2
7ZGV.pickle,0
3I4N.pickle,0
4UY8.pickle,1
1ZCI.pickle,4
5Z57.pickle,0
2AZ0.pickle,6
1QLN.pickle,1
1I3X.pickle,0
4PCJ.pickle,1
1RAU.pickle,0
7OX8.pickle,0
7EWQ.pickle,0
6DP0.pickle,0
5NEX.pickle,1
6U89.pickle,6
7KUK.pickle,8
4H8K.pickle,0
3K5Q.pickle,0
1LUU.pickle,4
4V4I.pickle,22
6RJA.pickle,0
1LPW.pickle,1
7Z55.pickle,0
7WIE.pickle,1
7UMD.pickle,0
6UFH.pickle,3
4BA2.pickle,0
3T5Q.pickle,0
2MS5.pickle,0
6O3M.pickle,0
7SFR.pickle,13
6DP8.pickle,0
3LWV.pickle,1
1R7W.pickle,0
6TYG.pickle,0
4KZ2.pickle,0
6B6H.pickle,1
4TV0.pickle,0
2XGJ.pickle,0
7AFH.pickle,11
3A3A.pickle,0
7NAD.pickle,0
6B47.pickle,0
2RN1.pickle,0
3S2H.pickle,1
7TRE.pickle,0
5KMZ.pickle,0
2HNS.pickle,0
3RW6.pickle,4
5J0M.pickle,0
5NDW.pickle,0
1KPD.pickle,0
1JGP.pickle,34
7AFK.pickle,11
3R1H.pickle,4
6B44.pickle,0
4WTD.pickle,0
7PJY.pickle,45
7TO0.pickle,0
6VQW.pickle,0
5MGP.pickle,0
1FIR.pickle,15
3DJ2.pickle,1
4U4N.pickle,0
1NTA.pickle,0
2K5Z.pickle,0
7PY3.pickle,0
2JSG.pickle,1
1AUD.pickle,0
4QQB.pickle,0
1MHK.pickle,0
6P7Q.pickle,0
4WC2.pickle,0
6WDB.pickle,0
2I2Y.pickle,0
1VQ8.pickle,8
5OIK.pickle,0
6CK5.pickle,0
4U3O.pickle,0
2ZH6.pickle,0
6ZMW.pickle,28
6R87.pickle,0
1LNT.pickle,2
7U0H.pickle,0
6MCF.pickle,2
5X6B.pickle,0
4E58.pickle,3
1VBZ.pickle,0
7OUO.pickle,0
6G4W.pickle,0
6N8F.pickle,0
4Z4F.pickle,1
6WOY.pickle,0
4YCO.pickle,0
6XL9.pickle,1
2UUC.pickle,2
7WKV.pickle,3
6V5B.pickle,0
6AWC.pickle,0
6UU8.pickle,1
7LNE.pickle,0
5W7N.pickle,0
1M5P.pickle,2
3J28.pickle,0
1F6Z.pickle,0
1UUI.pickle,0
1C0O.pickle,0
2PXF.pickle,0
5EAO.pickle,1
6J50.pickle,0
3Q0R.pickle,0
4XJN.pickle,0
3UZT.pickle,0
1MV2.pickle,2
2VON.pickle,0
3CGS.pickle,1
6OUO.pickle,38
2DB3.pickle,0
7Q7X.pickle,1
4Z4G.pickle,1
4V7P.pickle,0
7KVV.pickle,1
1F6X.pickle,0
3EPK.pickle,0
6KQF.pickle,0
5IQR.pickle,48
2KRZ.pickle,1
6P19.pickle,0
6DPM.pickle,0
5K36.pickle,0
6NOC.pickle,0
2A0P.pickle,2
8D9K.pickle,0
2GIC.pickle,0
5DH6.pickle,0
7V2L.pickle,0
3I62.pickle,0
5ELS.pickle,0
2L3E.pickle,0
4V4F.pickle,0
2RQJ.pickle,0
5W65.pickle,0
3F2Q.pickle,2
6T34.pickle,0
5FKE.pickle,0
5SWD.pickle,0
1HYS.pickle,0
8EDJ.pickle,0
5TBW.pickle,0
6MTC.pickle,135
1J9H.pickle,4
5V1L.pickle,4
4Z4I.pickle,0
6AZ3.pickle,68
5D8T.pickle,4
6V3B.pickle,24
2JRQ.pickle,1
3B4B.pickle,0
7QEP.pickle,0
6X5N.pickle,0
6S0M.pickle,0
1TTT.pickle,42
7Z1L.pickle,0
8GXB.pickle,2
2DD2.pickle,1
1K6H.pickle,0
6OKK.pickle,0
6G7Z.pickle,0
6AWB.pickle,0
3J78.pickle,0
6UTW.pickle,1
7DOI.pickle,0
3B0V.pickle,2
2K66.pickle,0
6JOO.pickle,0
7MSF.pickle,0
1SZY.pickle,0
7ABI.pickle,0
7UZ0.pickle,1
6QUL.pickle,0
2DRB.pickle,0
4LVZ.pickle,0
5KVJ.pickle,0
4BXX.pickle,0
2QH2.pickle,0
7XSM.pickle,0
7UTN.pickle,0
2OIU.pickle,0
6R84.pickle,0
5JJK.pickle,0
1CX5.pickle,0
5HP2.pickle,1
7UU5.pickle,0
7XC7.pickle,0
4U6M.pickle,0
7R0E.pickle,4
4V5L.pickle,10
7TR6.pickle,0
7UG6.pickle,0
2V0G.pickle,2
6SY4.pickle,0
4G6P.pickle,3
1H2D.pickle,0
3OW2.pickle,0
6C8L.pickle,8
3GAO.pickle,0
1NBK.pickle,0
3CR1.pickle,1
7NKY.pickle,0
4PEH.pickle,5
5MEI.pickle,0
3GOT.pickle,0
8AC1.pickle,0
4X4Q.pickle,0
1KD5.pickle,0
6WYV.pickle,21
4V9L.pickle,0
3HXM.pickle,0
6WBR.pickle,1
6XHV.pickle,88
7DID.pickle,1
3ND3.pickle,0
7WTX.pickle,0
1AJL.pickle,0
5HK0.pickle,2
6ZME.pickle,0
5OSG.pickle,0
7LYG.pickle,0
2ZJQ.pickle,0
1MIS.pickle,0
7P7U.pickle,0
3M85.pickle,0
4U25.pickle,0
6GXM.pickle,0
6TF3.pickle,0
3W3S.pickle,0
4B3O.pickle,1
4DR1.pickle,14
3GLP.pickle,0
7SCQ.pickle,0
5NJT.pickle,0
7WTN.pickle,0
2DXI.pickle,0
7PYJ.pickle,0
6UU2.pickle,1
5C9H.pickle,0
1U0B.pickle,0
6CY0.pickle,16
1LDZ.pickle,0
2AWQ.pickle,1
