"","V1","V3"
"1","U","PSU"
"35","C","5MC"
"70","U","5MU"
"104","G","OMG"
"142","C","OMC"
"177","G","2MG"
"215","U","UR3"
"249","A","MA6"
"285","U","OMU"
"319","C","4OC"
"354","G","7MG"
"392","DC","DOC"
"423","A","6MZ"
"453","U","4SU"
"487","DC","5CM"
"521","A","2MA"
"556","DG","8OG"
"593","U","H2U"
"627","G","G7M"
"665","G","GTP"
"698","G","M2G"
"736","G","1MG"
"774","A","3DR"
"795","U","3TD"
"828","A","1MA"
"864","U","BRU"
"897","A","A2M"
"934","A","MIA"
"971","C","CCC"
"1005","DG","DDG"
"1039","U","5BU"
"1073","DC","CBR"
"1107","C","4AC"
"1142","U","2MU"
"1176","DG","LCG"
"1213","C","LCC"
"1240","DA","2DA"
"1273","U","5IU"
"1306","C","CBV"
"1334","A","A23"
"1370","A","6MA"
"1406","DA","ORP"
"1420","DG","6OG"
"1456","A","PPU"
"1492","A","T6A"
"1529","DG","MRG"
"1566","DT","2DT"
"1599","DC","5HC"
"1633","G","GDP"
"1666","C","B8T"
"1699","U","3AU"
"1733","U","CM0"
"1760","C","0C"
"1795","G","0G"
"1833","U","0U"
"1867","A","AAB"
"1881","U","B8N"
"1913","DC","2YR"
"1943","DG","BGM"
"1980","U","UMS"
"2014","A","P5P"
"2047","A","PED"
"2059","G","YG"
"2096","A","8AN"
"2127","U","U8U"
"2161","DG","2PR"
"2196","U","PYO"
"2228","DT","TTD"
"2263","U","B8H"
"2282","A","M7A"
"2317","DG","G47"
"2345","C","B8Q"
"2378","C","CH"
"2413","A","S9L"
"2416","DA","MA7"
"2452","DA","AS"
"2487","DG","IGU"
"2522","DC","1CC"
"2552","G","23G"
"2589","DC","CFZ"
"2618","C","DCZ"
"2643","DA","A38"
"2670","DA","EDA"
"2705","DG","GF2"
"2742","U","THM"
"2766","U","UFT"
"2799","G","YYG"
"2836","A","12A"
"2873","DT","64T"
"2907","U","70U"
"2941","DA","AF2"
"2977","G","B8W"
"3012","G","B9B"
"3047","C","B9H"
"3080","G","E7G"
"3115","U","I4U"
"3146","G","MHG"
"3181","G","P7G"
"3215","DT","TAF"
"3250","A","31H"
"3286","DC","5FC"
"3319","DT","CTG"
"3353","G","E6G"
"3388","DG","GFL"
"3418","DG","P"
"3455","G","QUO"
"3493","DT","5PY"
"3528","A","ATP"
"3558","G","B8K"
"3593","G","BGH"
"3628","DC","C49"
"3652","DC","CFL"
"3679","DA","DZM"
"3715","A","F3N"
"3751","DG","FMG"
"3788","DG","GS"
"3825","U","P4U"
"3856","DT","PST"
"3891","DA","1AP"
"3922","G","1WA"
"3957","A","6IA"
"3994","G","8AZ"
"4027","DC","C38"
"4052","DC","C7R"
"4082","G","M7G"
"4113","DC","MCY"
"4142","DC","ME6"
"4171","U","TLN"
"4204","A","02I"
"4236","DC","CAR"
"4270","DC","DNR"
"4304","C","E3C"
"4337","U","FHU"
"4363","G","GNE"
"4399","DC","IMC"
"4431","C","LHH"
"4463","U","UY1"
"4497","C","0DC"
"4531","G","0DG"
"4568","G","8GM"
"4604","DT","ATM"
"4640","U","C4J"
"4660","U","DUZ"
"4693","DG","FOX"
"4719","U","IU"
"4753","A","4DU"
"4784","DC","6HC"
"4818","U","85Y"
"4847","A","A3P"
"4877","DG","C6G"
"4913","DC","CX2"
"4946","C","EDC"
"4979","G","FAG"
"5006","DG","G49"
"5034","G","GMP"
"5064","A","LCA"
"5093","C","LKC"
"5120","C","RSP"
"5155","C","RSQ"
"5190","C","TX2"
"5221","U","UCL"
"5245","U","UFR"
"5269","C","08Q"
"5296","U","5HU"
"5329","DG","7BG"
"5363","G","8NI"
"5394","DC","B7C"
"5427","DC","D4B"
"5450","DG","F74"
"5482","C","JMH"
"5514","DG","MG1"
"5551","A","RIA"
"5585","DC","SC"
"5618","U","SUR"
"5649","DT","T5S"
"5683","DT","T64"
"5717","U","TT"
"5740","U","UAR"
"5774","U","UMP"
"5807","DT","US3"
"5842","U","0DT"
"5875","U","126"
"5909","G","2LF"
"5944","DA","3DA"
"5970","DA","5AA"
"6005","C","5HM"
"6038","DA","6HA"
"6074","DG","6HG"
"6111","DT","6HT"
"6147","DG","7GU"
"6184","G","8NK"
"6215","A","A44"
"6252","A","A9Z"
"6286","DC","CSL"
"6313","DG","EFG"
"6349","U","EW3"
"6378","DA","FA2"
"6403","G","G48"
"6441","G","GTA"
"6457","C","LV2"
"6490","U","SSU"
"6524","DA","TCY"
"6552","DT","TSP"
"6588","A","1DP"
"6619","G","2EG"
"6655","G","2SG"
"6688","DT","2ST"
"6724","DC","4PC"
"6758","G","5GP"
"6789","C","5OC"
"6822","A","91N"
"6852","DA","A3A"
"6886","DA","A5L"
"6921","C","A5M"
"6955","DC","C42"
"6979","C","C43"
"7012","DC","C45"
"7037","DG","DG8"
"7065","A","F86"
"7081","DG","G36"
"7108","G","G46"
"7139","DG","HN1"
"7175","A","MTU"
"7210","U","MUM"
"7237","G","N6G"
"7274","U","QBT"
"7298","DG","S6G"
"7335","DG","TGP"
"7372","U","U36"
"7404","U","U37"
"7431","U","UF2"
"7455","U","UFP"
"7479","U","UPE"
"7512","U","USM"
"7546","DT","XTR"
"7582","DC","Z"
"7614","DT","ZTH"
"7630","A","0A"
"7667","U","125"
"7701","DC","1FC"
"7733","U","2AU"
"7765","A","31M"
"7801","DC","4U3"
"7835","DT","5AT"
"7865","C","5BT"
"7894","U","5EJ"
"7922","DC","5PC"
"7956","A","6FM"
"7988","DG","8FG"
"8025","DA","A47"
"8052","A","AET"
"8089","A","AP7"
"8126","A","APC"
"8156","DC","C2S"
"8185","DC","C34"
"8219","DC","C37"
"8244","C","CTP"
"8272","DT","EAN"
"8301","A","F3O"
"8335","DG","F4Q"
"8367","DC","F7H"
"8394","A","FAX"
"8421","G","G5J"
"8451","G","GAO"
"8489","C","IC"
"8522","G","IG"
"8558","G","KAG"
"8594","DA","L3X"
"8627","DG","LWM"
"8663","DG","M1G"
"8699","G","MF7"
"8729","C","MMX"
"8761","C","N7X"
"8794","C","O2C"
"8819","G","O2G"
"8855","U","OHU"
"8888","DC","OKN"
"8918","U","PDU"
"8951","DC","PVX"
"8968","DG","RDG"
"9001","C","RY"
"9036","U","T23"
"9069","DT","T39"
"9105","DT","T3P"
"9136","DC","TCJ"
"9165","DT","TCP"
"9196","DT","TFT"
"9211","G","TG"
"9238","U","TTI"
"9266","U","U31"
"9293","U","U5P"
"9320","U","UBD"
"9347","U","UPS"
"9380","A","ZAD"
"9395","C","ZCY"
"9409","G","ZGU"
"9426","A","ZJS"
"9460","C","10C"
"9487","G","18M"
"9523","U","18Q"
"9555","G","1TW"
"9591","DA","2AR"
"9627","DT","2BT"
"9663","DA","2BU"
"9699","G","2FI"
"9729","U","2JU"
"9753","U","3KA"
"9782","G","3ZO"
"9817","G","40G"
"9833","G","4DG"
"9865","C","5CF"
"9899","U","5DB"
"9926","A","5UA"
"9955","DG","63G"
"9987","DG","63H"
"10019","U","6FU"
"10051","A","6MD"
"10081","A","6NW"
"10117","C","6OO"
"10149","DA","7DA"
"10185","G","7S3"
"10221","G","7SN"
"10257","A","7TE"
"10283","A","8AH"
"10320","DG","8MG"
"10357","G","8PI"
"10388","A","9O4"
"10411","U","9QV"
"10443","DA","A40"
"10470","A","A5O"
"10506","DA","AD2"
"10538","A","ADS"
"10568","DG","AFG"
"10603","DT","ATD"
"10634","DT","ATL"
"10670","A","AVC"
"10706","U","AWC"
"10737","G","BGR"
"10773","DC","C46"
"10798","C","C5L"
"10832","C","C5P"
"10860","DC","C7S"
"10889","DC","CMR"
"10922","G","DP"
"10958","DA","E1X"
"10992","DC","EIX"
"11022","G","EWC"
"11053","G","GCP"
"11084","G","GNG"
"11111","G","GRB"
"11148","DG","HN0"
"11185","U","I2T"
"11219","G","IQG"
"11252","DA","K2F"
"11288","DG","K39"
"11325","G","L1J"
"11353","DG","LDG"
"11385","G","N2G"
"11401","A","N79"
"11430","A","O2Z"
"11464","U","P2U"
"11497","G","P9G"
"11529","U","PBT"
"11553","DG","PGN"
"11590","G","PGP"
"11628","G","Q61"
"11663","DT","QCK"
"11695","DA","R"
"11731","G","RFJ"
"11765","DA","RMP"
"11800","U","RUS"
"11828","DG","SDG"
"11859","G","SOS"
"11896","DT","T32"
"11923","DT","T49"
"11950","U","T5O"
"11983","DT","TDY"
"12014","U","TM2"
"12041","DT","TTM"
"12077","DC","U48"
"12111","DC","U7B"
"12143","G","UEL"
"12173","U","UMC"
"12201","U","URU"
"12230","U","US1"
"12254","U","US2"
"12278","U","US5"
"12311","U","UTP"
"12338","DT","VET"
"12371","G","VKJ"
"12386","A","XAR"
"12413","G","XMP"
"12442","DT","XTF"
"12473","DA","XUA"
"12509","DG","XUG"
"12546","DC","YCO"
"12579","U","ZDU"
"12612","DG","0AD"
"12644","U","0KZ"
"12670","DC","0R8"
"12703","U","0U1"
"12737","U","127"
"12771","C","16B"
"12806","U","1RN"
"12837","C","1SC"
"12865","U","1TL"
"12898","DT","2AT"
"12934","DG","2BD"
"12969","A","2FE"
"12999","C","2GF"
"13028","DT","2GT"
"13064","A","2IA"
"13095","DG","2JV"
"13111","U","2L8"
"13135","G","2LA"
"13168","DT","2NT"
"13204","DT","2OT"
"13240","A","365"
"13271","A","3D1"
"13297","U","3ME"
"13329","A","45A"
"13363","DC","47C"
"13393","A","4EN"
"13421","DC","4SC"
"13455","G","50L"
"13470","C","50N"
"13491","G","56B"
"13527","A","574"
"13558","DG","5CG"
"13589","U","5FU"
"13616","DT","5HT"
"13645","C","5IC"
"13680","A","5JO"
"13715","DC","5NC"
"13748","U","5SE"
"13780","U","5UD"
"13807","U","64P"
"13839","DG","68Z"
"13867","U","6F7"
"13895","C","6FC"
"13928","DG","6FK"
"13959","DA","6HB"
"13995","U","6OP"
"14021","DG","6PO"
"14057","G","6TW"
"14088","C","73W"
"14116","U","75B"
"14147","U","77Y"
"14176","A","7AT"
"14210","C","7OK"
"14244","DT","84E"
"14280","G","8AA"
"14314","G","8AF"
"14344","DG","8AG"
"14372","DA","8BA"
"14403","U","8DT"
"14432","DG","8PY"
"14465","U","8RJ"
"14485","DC","8RO"
"14511","A","8XA"
"14548","C","8XC"
"14583","G","8XG"
"14621","U","8XU"
"14655","DC","8YN"
"14679","DT","94O"
"14709","A","9SI"
"14746","A","9SY"
"14783","U","9V9"
"14814","A","A2L"
"14851","A","A2P"
"14881","DA","A43"
"14907","A","A7C"
"14941","A","A7E"
"14975","DA","ABR"
"15011","DA","ABS"
"15047","A","ADN"
"15077","C","AG9"
"15110","C","AI5"
"15124","A","ANZ"
"15153","A","AT7"
"15190","DT","BOE"
"15226","C","C2L"
"15261","C","C31"
"15289","DC","C36"
"15313","DC","C4S"
"15338","DC","CDW"
"15366","G","CG1"
"15403","DC","CGY"
"15433","G","CJ1"
"15464","DC","CP1"
"15477","U","CSM"
"15509","DC","D00"
"15542","U","DDN"
"15574","A","DJF"
"15609","U","DUR"
"15633","G","DX"
"15664","DA","E"
"15700","G","EDI"
"15735","DG","EHG"
"15771","DT","EIT"
"15807","G","EQ0"
"15845","DC","EXC"
"15878","U","F2T"
"15910","DT","F3H"
"15945","DT","F4H"
"15963","DT","F5H"
"15981","DT","F6H"
"16003","C","F6X"
"16024","G","F73"
"16040","DG","F7K"
"16070","A","F7O"
"16085","C","F7R"
"16105","G","F7U"
"16121","G","F7X"
"16137","DG","FDG"
"16174","U","FMU"
"16201","G","G2L"
"16239","G","G2M"
"16271","DG","G2S"
"16303","DG","G31"
"16330","DG","G38"
"16357","DC","GCK"
"16382","G","GDO"
"16415","G","GF0"
"16447","DG","GMS"
"16484","U","GMU"
"16518","G","GMX"
"16554","DG","GN7"
"16591","DG","GSR"
"16628","DG","GSS"
"16665","G","GT3"
"16681","DG","GX1"
"16716","U","HEU"
"16749","G","HYJ"
"16783","G","IMP"
"16812","U","IPN"
"16824","DC","J0X"
"16854","U","J4T"
"16883","DT","JDT"
"16919","C","JMC"
"16951","G","KAK"
"16982","A","KGV"
"17016","U","L2B"
"17044","C","L8P"
"17068","DG","LGP"
"17100","DT","LSH"
"17134","DT","LST"
"17168","U","M1Y"
"17200","C","M5M"
"17234","C","MDJ"
"17263","C","MDK"
"17292","C","MDQ"
"17317","U","MDU"
"17345","A","MDV"
"17375","DG","MFO"
"17407","U","MFT"
"17435","DT","MMT"
"17466","U","MNU"
"17500","DT","MTR"
"17536","C","N4S"
"17569","C","N5M"
"17603","DC","NCU"
"17637","DT","NMS"
"17673","DT","NMT"
"17709","DT","NTT"
"17745","U","NYM"
"17773","C","OFC"
"17807","DG","OGX"
"17842","DC","OKQ"
"17874","U","OKT"
"17906","U","ONE"
"17939","DT","P2T"
"17975","A","PPS"
"18004","DG","PPW"
"18040","G","PQ1"
"18078","A","PU"
"18109","U","QCE"
"18136","U","QGJ"
"18165","C","QSK"
"18196","A","QSQ"
"18229","DA","RBD"
"18254","U","RCE"
"18282","C","RPC"
"18314","DT","S2M"
"18350","DA","S4A"
"18377","C","S4C"
"18411","DG","S4G"
"18439","U","S6M"
"18468","DA","SDE"
"18493","DG","SDH"
"18525","DA","SMP"
"18560","DT","SMT"
"18596","DT","SPT"
"18632","A","SRA"
"18668","DT","T0N"
"18700","DT","T0Q"
"18732","DT","T2S"
"18765","U","T2T"
"18790","DT","T38"
"18819","DT","T41"
"18848","DT","T48"
"18875","DT","T4S"
"18910","DT","TA3"
"18940","C","TC"
"18964","DC","TC1"
"18998","DT","TED"
"19033","DT","TFE"
"19069","DA","TFO"
"19090","U","THP"
"19114","DT","THX"
"19141","U","TLB"
"19167","DT","TLC"
"19203","DT","TP1"
"19218","DC","TPC"
"19241","U","U23"
"19272","U","U2L"
"19306","U","U33"
"19330","U","U34"
"19355","U","U4M"
"19387","U","U5M"
"19420","U","U5R"
"19451","DA","U7T"
"19484","U","UBB"
"19505","U","UBI"
"19538","U","UD5"
"19570","U","UFB"
"19602","U","ULF"
"19631","U","UMO"
"19663","U","UMX"
"19695","U","UOA"
"19728","U","UOB"
"19761","U","UPV"
"19795","DA","URT"
"19811","U","URX"
"19844","U","US4"
"19868","U","UTB"
"19896","U","UVP"
"19920","U","UVX"
"19954","U","UWJ"
"19985","A","UY4"
"20019","U","UZR"
"20053","G","VC7"
"20090","DA","XAD"
"20110","DA","XAE"
"20141","DA","XAL"
"20177","G","XAN"
"20191","C","XC"
"20216","U","XCI"
"20247","DC","XCL"
"20281","DC","XCR"
"20314","DC","XCT"
"20332","DC","XCY"
"20366","G","XDJ"
"20382","DT","XDY"
"20397","C","XFC"
"20426","DG","XGA"
"20457","DG","XGL"
"20494","DG","XGR"
"20530","DG","XGU"
"20551","A","XNY"
"20588","DG","XPB"
"20624","DT","XTH"
"20644","DT","XTL"
"20680","DT","XTY"
"20711","U","XY7"
"20738","DA","Y"
"20774","U","YQS"
"20798","C","ZBC"
"20812","U","ZBU"
"20825","U","ZHP"
